File Name,Author Name,Link,Total Articles Count,Total Citations (Copied),Total Citations (Calculated),... Count,... Citation Count,False Count,False Citation Count
"Borivoje Nikolic.txt
","Borivoje Nikolic
","https://scholar.google.com/citations?hl=en&user=QEqPllIAAAAJ
",318,17998,17998,53,800,81,3298
"Chris Callison-Burch.txt
","Chris Callison-Burch
","https://scholar.google.com/citations?hl=en&user=nv-MV58AAAAJ
",214,14914,14914,15,663,6,33
"Peter Bartlett.txt
","Peter Bartlett
","https://scholar.google.com/citations?hl=en&user=yQNhFGUAAAAJ
",408,30433,30433,21,42,44,3772
"Gang Qu.txt
","Gang Qu
","https://scholar.google.com/citations?hl=en&user=NtYVK_MAAAAJ
",259,7500,8140,11,100,14,1209
"Magdalena Balazinska.txt
","Magdalena Balazinska
","https://scholar.google.com/citations?hl=en&user=DDxFvcIAAAAJ
",202,12580,12580,8,971,12,528
"Jason Hong.txt
","Jason Hong
","https://scholar.google.com/citations?hl=en&user=MoFbcc0AAAAJ
",301,21598,21598,16,887,9,59
"Rajesh Gupta.txt
","Rajesh Gupta
","https://scholar.google.com/citations?hl=en&user=encAddwAAAAJ
",500,14584,12621,16,387,8,152
"Stefano Tessaro.txt
","Stefano Tessaro
","https://scholar.google.com/citations?hl=en&user=xd_8IiIAAAAJ
",72,1643,1643,1,0,1,0
"Travis Breaux.txt
","Travis Breaux
","https://scholar.google.com/citations?hl=en&user=SjiG_ZsAAAAJ
",135,2213,2237,9,59,4,0
"Steve Marschner.txt
","Steve Marschner
","https://scholar.google.com/citations?hl=en&user=llo3F3QAAAAJ
",141,8745,8745,8,215,6,185
"Anthony Joseph.txt
","Anthony Joseph
","https://scholar.google.com/citations?hl=en&user=KUOnP8wAAAAJ
",20,198,198,3,55,0,0
"Jason Corso.txt
","Jason Corso
","https://scholar.google.com/citations?hl=en&user=g9bV-_sAAAAJ
",251,5992,5992,12,1204,10,8
"David Jacobs.txt
","David Jacobs
","https://scholar.google.com/citations?hl=en&user=WH2KmRgAAAAJ
",203,15989,17095,5,1563,5,168
"Daniel Jackson.txt
","Daniel Jackson
","https://scholar.google.com/citations?hl=en&user=PXY96lkAAAAJ
",201,11111,11111,6,0,7,249
"Vivienne Sze.txt
","Vivienne Sze
","https://scholar.google.com/citations?hl=en&user=hNWGC5QAAAAJ
",119,5303,5303,2,124,1,92
"Yulia Tsvetkov.txt
","Yulia Tsvetkov
","https://scholar.google.com/citations?hl=en&user=SEDPkrsAAAAJ
",48,1173,1173,3,24,0,0
"Mahadev Satyanarayanan.txt
","Mahadev Satyanarayanan
","https://scholar.google.com/citations?hl=en&user=0y6JDD4AAAAJ
",370,33741,33741,36,1181,8,73
"Illah Nourbakhsh.txt
","Illah Nourbakhsh
","https://scholar.google.com/citations?hl=en&user=S4cEObAAAAAJ
",259,14654,14732,20,44,8,113
"Amy Ogan.txt
","Amy Ogan
","https://scholar.google.com/citations?hl=en&user=I0ZGaCQAAAAJ
",90,964,964,7,12,0,0
"Valeria Bertacco.txt
","Valeria Bertacco
","https://scholar.google.com/citations?hl=en&user=IXiAPMoAAAAJ
",251,5177,5177,17,82,23,392
"Tandy Warnow.txt
","Tandy Warnow
","https://scholar.google.com/citations?hl=en&user=pPB_WK0AAAAJ
",500,13906,52008,23,2299,8,197
"Rance Cleaveland.txt
","Rance Cleaveland
","https://scholar.google.com/citations?hl=en&user=EetL2HQAAAAJ
",251,9190,9190,13,2076,26,245
"Costas Spanos.txt
","Costas Spanos
","https://scholar.google.com/citations?hl=en&user=90TaOdoAAAAJ
",391,6263,6263,16,130,6,48
"Mark Hill.txt
","Mark Hill
","https://scholar.google.com/citations?hl=en&user=7lVfIWYAAAAJ
",447,27449,27449,38,5556,99,665
"Immanuel Trummer.txt
","Immanuel Trummer
","https://scholar.google.com/citations?hl=en&user=FJ7im7AAAAAJ
",34,500,500,2,7,2,206
"Leah Findlater.txt
","Leah Findlater
","https://scholar.google.com/citations?hl=en&user=NeDnx2EAAAAJ
",130,4894,4894,2,35,1,0
"J. Halderman.txt
","J. Halderman
","https://scholar.google.com/citations?hl=en&user=h6yXnyEAAAAJ
",58,8573,8500,11,1343,0,0
"Takeo Kanade.txt
","Takeo Kanade
","https://scholar.google.com/citations?hl=en&user=LQ87h3sAAAAJ
",500,145586,142105,10,2629,38,32653
"Andrew Pavlo.txt
","Andrew Pavlo
","https://scholar.google.com/citations?hl=en&user=u1UDm4wAAAAJ
",73,4464,4464,2,153,1,2
"Andrea Arpaci-Dusseau.txt
","Andrea Arpaci-Dusseau
","https://scholar.google.com/citations?hl=en&user=8VkvOEEAAAAJ
",222,11134,11155,36,2179,23,2088
"Justin Johnson.txt
","Justin Johnson
","https://scholar.google.com/citations?hl=en&user=hqh8dSMAAAAJ
",224,22798,22798,37,495,3,0
"Shwetak Patel.txt
","Shwetak Patel
","https://scholar.google.com/citations?hl=en&user=z4S5rC0AAAAJ
",358,32228,32228,42,18063,20,3428
"Ceren Budak.txt
","Ceren Budak
","https://scholar.google.com/citations?hl=en&user=wIhJS60AAAAJ
",34,1381,1381,0,0,3,214
"Dorsa Sadigh.txt
","Dorsa Sadigh
","https://scholar.google.com/citations?hl=en&user=MEeYxLMAAAAJ
",44,987,987,2,30,1,51
"Svetlana Lazebnik.txt
","Svetlana Lazebnik
","https://scholar.google.com/citations?hl=en&user=xKOEaRoAAAAJ
",100,22916,22916,6,855,0,0
"Henrik Jensen.txt
","Henrik Jensen
","https://scholar.google.com/citations?hl=en&user=vthMwawAAAAJ
",135,12307,12307,8,569,9,478
"Zoran Popovic.txt
","Zoran Popovic
","https://scholar.google.com/citations?hl=en&user=0Qr2IGwAAAAJ
",129,15684,15684,21,3765,74,9431
"Pradeep Ravikumar.txt
","Pradeep Ravikumar
","https://scholar.google.com/citations?hl=en&user=Q4DTPw4AAAAJ
",158,9874,10098,4,0,2,7
"Russ Tedrake.txt
","Russ Tedrake
","https://scholar.google.com/citations?hl=en&user=nxNkEiYAAAAJ
",203,9469,9469,9,607,15,256
"Justine Sherry.txt
","Justine Sherry
","https://scholar.google.com/citations?hl=en&user=InPotdgAAAAJ
",31,1773,1773,1,0,0,0
"Michael Cafarella.txt
","Michael Cafarella
","https://scholar.google.com/citations?hl=en&user=r1quzEkAAAAJ
",104,8732,8732,2,0,4,299
"Harsha Madhyastha.txt
","Harsha Madhyastha
","https://scholar.google.com/citations?hl=en&user=kxDm9EsAAAAJ
",83,4159,4159,2,102,0,0
"Peter Szolovits.txt
","Peter Szolovits
","https://scholar.google.com/citations?hl=en&user=1LuGqFQAAAAJ
",259,10780,10780,42,2706,12,92
"Tudor Dumitras.txt
","Tudor Dumitras
","https://scholar.google.com/citations?hl=en&user=f6terwoAAAAJ
",112,2033,2053,14,150,43,1128
"Ameet Talwalkar.txt
","Ameet Talwalkar
","https://scholar.google.com/citations?hl=en&user=TW7U1W0AAAAJ
",79,6665,6808,5,1634,5,44
"David Karger.txt
","David Karger
","https://scholar.google.com/citations?hl=en&user=2vQRGrYAAAAJ
",460,61814,67139,21,319,63,2004
"Blair MacIntyre.txt
","Blair MacIntyre
","https://scholar.google.com/citations?hl=en&user=UA3tyKwAAAAJ
",154,12467,12467,4,301,12,204
"Dawson Engler.txt
","Dawson Engler
","https://scholar.google.com/citations?hl=en&user=Bz-b2a0AAAAJ
",114,16375,16375,5,555,4,294
"William Dally.txt
","William Dally
","https://scholar.google.com/citations?hl=en&user=YZHj-Y4AAAAJ
",500,54320,55492,24,2568,31,1536
"Karem Sakallah.txt
","Karem Sakallah
","https://scholar.google.com/citations?hl=en&user=M441iZ8AAAAJ
",254,9662,9662,12,92,7,49
"Guy Blelloch.txt
","Guy Blelloch
","https://scholar.google.com/citations?hl=en&user=Z6nLCukAAAAJ
",273,13587,14271,12,0,8,845
"Scott Mahlke.txt
","Scott Mahlke
","https://scholar.google.com/citations?hl=en&user=-XpZ4fgAAAAJ
",334,15839,16128,40,441,20,1177
"Maya Cakmak.txt
","Maya Cakmak
","https://scholar.google.com/citations?hl=en&user=sPlonWcAAAAJ
",106,3065,3065,1,1,5,358
"Daniele Micciancio.txt
","Daniele Micciancio
","https://scholar.google.com/citations?hl=en&user=8rjreLIAAAAJ
",96,10343,10343,4,20,2,2
"Julian McAuley.txt
","Julian McAuley
","https://scholar.google.com/citations?hl=en&user=icbo4M0AAAAJ
",85,7222,7222,1,21,0,0
"Arvind Krishnamurthy.txt
","Arvind Krishnamurthy
","https://scholar.google.com/citations?hl=en&user=EnCwNycAAAAJ
",240,15077,15077,28,869,4,8
"Simon Lucey.txt
","Simon Lucey
","https://scholar.google.com/citations?hl=en&user=vmAe35UAAAAJ
",198,6804,6804,8,142,4,70
"Yaoyun Shi.txt
","Yaoyun Shi
","https://scholar.google.com/citations?hl=en&user=0yra-NUAAAAJ
",77,2337,2337,0,0,1,0
"Insup Lee.txt
","Insup Lee
","https://scholar.google.com/citations?hl=en&user=qPlUgrgAAAAJ
",500,16231,16000,27,519,79,736
"Peter Allen.txt
","Peter Allen
","https://scholar.google.com/citations?hl=en&user=Gs5F2jYAAAAJ
",410,15479,15479,52,587,24,861
"Mihalis Yannakakis.txt
","Mihalis Yannakakis
","https://scholar.google.com/citations?hl=en&user=_pPy-pAAAAAJ
",299,33272,33828,28,154,14,263
"Stuart Russell.txt
","Stuart Russell
","https://scholar.google.com/citations?hl=en&user=2oy3OXYAAAAJ
",448,74613,74613,21,1811,54,4363
"Sariel Har-Peled.txt
","Sariel Har-Peled
","https://scholar.google.com/citations?hl=en&user=2s9_ZWgAAAAJ
",306,8603,8603,2,0,7,10
"Jian Ma.txt
","Jian Ma
","https://scholar.google.com/citations?hl=en&user=-f6ii2kAAAAJ
",500,19793,19512,2,84,10,153
"Justine Cassell.txt
","Justine Cassell
","https://scholar.google.com/citations?hl=en&user=wkC9xHMAAAAJ
",333,17778,18191,8,0,48,487
"Yiming Yang.txt
","Yiming Yang
","https://scholar.google.com/citations?hl=en&user=MlZq4XwAAAAJ
",287,28674,28674,15,15,51,81
"Bin Yu.txt
","Bin Yu
","https://scholar.google.com/citations?hl=en&user=60hCevIAAAAJ
",94,2554,2554,4,41,3,0
"Byron Boots.txt
","Byron Boots
","https://scholar.google.com/citations?hl=en&user=kXB8FBoAAAAJ
",113,1999,1999,2,0,3,38
"John Duchi.txt
","John Duchi
","https://scholar.google.com/citations?hl=en&user=i5srt20AAAAJ
",135,11657,11657,1,0,0,0
"Tushar Krishna.txt
","Tushar Krishna
","https://scholar.google.com/citations?hl=en&user=P__ztgcAAAAJ
",77,5686,5686,8,3239,0,0
"Richard Anderson.txt
","Richard Anderson
","https://scholar.google.com/citations?hl=en&user=HXfhGacAAAAJ
",219,15612,15612,18,1803,1,1628
"Mark Oskin.txt
","Mark Oskin
","https://scholar.google.com/citations?hl=en&user=gHfzsl4AAAAJ
",144,4081,4081,15,401,8,148
"Bryan Parno.txt
","Bryan Parno
","https://scholar.google.com/citations?hl=en&user=kTTBpJkAAAAJ
",129,7957,7989,11,189,7,194
"Aniket Kittur.txt
","Aniket Kittur
","https://scholar.google.com/citations?hl=en&user=2vZ5zRQAAAAJ
",114,9964,9964,1,1,10,607
"Luis Gravano.txt
","Luis Gravano
","https://scholar.google.com/citations?hl=en&user=Ff6era8AAAAJ
",143,14235,14235,5,100,3,56
"Peter Chen.txt
","Peter Chen
","https://scholar.google.com/citations?hl=en&user=dVZNQqUAAAAJ
",143,12141,12141,19,295,5,10
"Aaron Roth.txt
","Aaron Roth
","https://scholar.google.com/citations?hl=en&user=kLUQrrYAAAAJ
",103,5671,5671,2,163,0,0
"Scott Klemmer.txt
","Scott Klemmer
","https://scholar.google.com/citations?hl=en&user=BEHcR-IAAAAJ
",168,7611,7611,8,377,3,24
"Hari Balakrishnan.txt
","Hari Balakrishnan
","https://scholar.google.com/citations?hl=en&user=Qf4bw4UAAAAJ
",490,121297,121297,95,6712,30,4412
"Edmond Chow.txt
","Edmond Chow
","https://scholar.google.com/citations?hl=en&user=jGqGKGMAAAAJ
",131,4766,4766,10,1654,1,0
"David Mimno.txt
","David Mimno
","https://scholar.google.com/citations?hl=en&user=uBFV6SUAAAAJ
",95,5751,5751,4,8,6,28
"Augustin Chaintreau.txt
","Augustin Chaintreau
","https://scholar.google.com/citations?hl=en&user=Hb6J54cAAAAJ
",117,7223,7223,5,96,3,0
"Patrick Jaillet.txt
","Patrick Jaillet
","https://scholar.google.com/citations?hl=en&user=ND0FM6EAAAAJ
",226,7406,7439,7,127,5,610
"Mayur Naik.txt
","Mayur Naik
","https://scholar.google.com/citations?hl=en&user=fmsV6nEAAAAJ
",73,6745,6745,2,87,1,19
"Jacob Eisenstein.txt
","Jacob Eisenstein
","https://scholar.google.com/citations?hl=en&user=Wb_lnjAAAAAJ
",148,6770,6770,5,24,1,0
"David Padua.txt
","David Padua
","https://scholar.google.com/citations?hl=en&user=QaLf6bEAAAAJ
",389,14017,14158,31,578,22,760
"Aws Albarghouthi.txt
","Aws Albarghouthi
","https://scholar.google.com/citations?hl=en&user=CUbC2zYAAAAJ
",50,833,833,1,16,2,25
"Ethan Katz-Bassett.txt
","Ethan Katz-Bassett
","https://scholar.google.com/citations?hl=en&user=CknstQwAAAAJ
",60,3016,3016,9,675,0,0
"Katharina Reinecke.txt
","Katharina Reinecke
","https://scholar.google.com/citations?hl=en&user=_4EISRwAAAAJ
",62,1669,1669,3,38,1,0
"Ion Stoica.txt
","Ion Stoica
","https://scholar.google.com/citations?hl=en&user=vN-is70AAAAJ
",500,100206,100206,74,28929,19,690
"Charles Elkan.txt
","Charles Elkan
","https://scholar.google.com/citations?hl=en&user=im5aMngAAAAJ
",207,23460,23517,10,156,15,1806
"Alexandra Boldyreva.txt
","Alexandra Boldyreva
","https://scholar.google.com/citations?hl=en&user=8mHLyRoAAAAJ
",71,6703,6755,3,0,0,0
"William Griswold.txt
","William Griswold
","https://scholar.google.com/citations?hl=en&user=yx0wJlIAAAAJ
",261,16404,16404,26,748,5,92
"David Blei.txt
","David Blei
","https://scholar.google.com/citations?hl=en&user=8OYE6iEAAAAJ
",384,72417,72417,10,15,39,5565
"Anup Rao.txt
","Anup Rao
","https://scholar.google.com/citations?hl=en&user=T2U5sGIAAAAJ
",56,1783,1783,3,0,3,142
"Srinivasan Seshan.txt
","Srinivasan Seshan
","https://scholar.google.com/citations?hl=en&user=0irVeiQAAAAJ
",246,23518,23518,25,1174,8,2484
"Terrence Sejnowski.txt
","Terrence Sejnowski
","https://scholar.google.com/citations?hl=en&user=m1qAiOUAAAAJ
",500,134114,131659,53,15830,27,8794
"John Zimmerman.txt
","John Zimmerman
","https://scholar.google.com/citations?hl=en&user=A-4JUL4AAAAJ
",208,13042,13042,9,198,0,0
"Nancy Lynch.txt
","Nancy Lynch
","https://scholar.google.com/citations?hl=en&user=LPTkkxUAAAAJ
",500,35450,36535,10,41,13,204
"Graham Neubig.txt
","Graham Neubig
","https://scholar.google.com/citations?hl=en&user=wlosgkoAAAAJ
",484,3777,3799,8,57,131,126
"Ali Farhadi.txt
","Ali Farhadi
","https://scholar.google.com/citations?hl=en&user=jeOFRDsAAAAJ
",121,18088,18088,2,43,1,14
"Mark Guzdial.txt
","Mark Guzdial
","https://scholar.google.com/citations?hl=en&user=iQV2L2IAAAAJ
",425,15109,15109,13,45,17,300
"Hartmut Geyer.txt
","Hartmut Geyer
","https://scholar.google.com/citations?hl=en&user=aC5315UAAAAJ
",109,4704,4814,5,23,4,48
"Dexter Kozen.txt
","Dexter Kozen
","https://scholar.google.com/citations?hl=en&user=LV1qWjgAAAAJ
",500,18100,22524,20,33,18,4438
"Shayan Gharan.txt
","Shayan Gharan
","https://scholar.google.com/citations?hl=en&user=TZWVRR8AAAAJ
",52,1543,1543,1,89,0,0
"Shiri Azenkot.txt
","Shiri Azenkot
","https://scholar.google.com/citations?hl=en&user=jNQlAkoAAAAJ
",56,1311,1527,1,0,3,2
"Sanjoy Dasgupta.txt
","Sanjoy Dasgupta
","https://scholar.google.com/citations?hl=en&user=E5dXOFAAAAAJ
",100,7931,7931,7,89,0,0
"Eun Choe.txt
","Eun Choe
","https://scholar.google.com/citations?hl=en&user=YjSJWqkAAAAJ
",59,1588,1588,5,0,0,0
"Theodoros Rekatsinas.txt
","Theodoros Rekatsinas
","https://scholar.google.com/citations?hl=en&user=ZUzG5igAAAAJ
",33,478,478,1,3,0,0
"Ronald Fedkiw.txt
","Ronald Fedkiw
","https://scholar.google.com/citations?hl=en&user=OoItXTkAAAAJ
",193,30714,30913,18,302,11,609
"Nuno Bandeira.txt
","Nuno Bandeira
","https://scholar.google.com/citations?hl=en&user=dufShEsAAAAJ
",110,6569,6569,35,4003,1,4
"Phillip Gibbons.txt
","Phillip Gibbons
","https://scholar.google.com/citations?hl=en&user=F9kqUXkAAAAJ
",297,21712,21712,21,521,5,136
"Leilani Battle.txt
","Leilani Battle
","https://scholar.google.com/citations?hl=en&user=9ghHK7sAAAAJ
",26,1052,1052,1,0,0,0
"Linda Shapiro.txt
","Linda Shapiro
","https://scholar.google.com/citations?hl=en&user=nBwaXUsAAAAJ
",458,20500,20500,53,728,24,864
"Armando Solar-Lezama.txt
","Armando Solar-Lezama
","https://scholar.google.com/citations?hl=en&user=8BX3BokAAAAJ
",122,3602,3602,10,466,1,53
"Thomas Reps.txt
","Thomas Reps
","https://scholar.google.com/citations?hl=en&user=pwhyTq0AAAAJ
",433,22438,27172,11,1,36,88
"Hector Garcia-Molina.txt
","Hector Garcia-Molina
","https://scholar.google.com/citations?hl=en&user=bAa___kAAAAJ
",500,88953,88643,11,866,21,11234
"Dimitris Papailiopoulos.txt
","Dimitris Papailiopoulos
","https://scholar.google.com/citations?hl=en&user=hYi6i9sAAAAJ
",53,2740,2740,1,3,0,0
"Matt Fredrikson.txt
","Matt Fredrikson
","https://scholar.google.com/citations?hl=en&user=tMYCvLAAAAAJ
",42,2766,2766,1,0,0,0
"Tawanna Dillahunt.txt
","Tawanna Dillahunt
","https://scholar.google.com/citations?hl=en&user=qPpuKe4AAAAJ
",65,1823,1823,3,98,0,0
"Hyesoon Kim.txt
","Hyesoon Kim
","https://scholar.google.com/citations?hl=en&user=7OvZhQIAAAAJ
",296,5721,5965,23,121,41,257
"Yaniv Erlich.txt
","Yaniv Erlich
","https://scholar.google.com/citations?hl=en&user=DbDbLZEAAAAJ
",65,8517,8521,10,808,1,4310
"Aarti Singh.txt
","Aarti Singh
","https://scholar.google.com/citations?hl=en&user=6jP3ZSEAAAAJ
",500,14543,12675,35,1709,13,233
"Sorin Lerner.txt
","Sorin Lerner
","https://scholar.google.com/citations?hl=en&user=C6Pd5zoAAAAJ
",84,3661,3661,4,16,2,179
"Mohit Gupta.txt
","Mohit Gupta
","https://scholar.google.com/citations?hl=en&user=Y3wdd8oAAAAJ
",74,1656,1677,1,0,2,0
"Vyas Sekar.txt
","Vyas Sekar
","https://scholar.google.com/citations?hl=en&user=5V852JcAAAAJ
",132,11163,11163,5,769,0,0
"Odest Jenkins.txt
","Odest Jenkins
","https://scholar.google.com/citations?hl=en&user=dp5LnVAAAAAJ
",154,4127,4127,4,144,8,140
"David Bindel.txt
","David Bindel
","https://scholar.google.com/citations?hl=en&user=04TuVhEAAAAJ
",127,5370,8579,2,109,5,125
"Xi Wang.txt
","Xi Wang
","https://scholar.google.com/citations?hl=en&user=U8Yw2KkAAAAJ
",100,7164,8794,10,159,0,0
"Florian Schaub.txt
","Florian Schaub
","https://scholar.google.com/citations?hl=en&user=zg29qGEAAAAJ
",112,2664,2664,6,297,0,0
"Jordan Boyd-Graber.txt
","Jordan Boyd-Graber
","https://scholar.google.com/citations?hl=en&user=BT4XTP4AAAAJ
",150,5349,5349,5,76,7,100
"Neil Spring.txt
","Neil Spring
","https://scholar.google.com/citations?hl=en&user=FUWxMaQAAAAJ
",105,10456,10456,3,661,4,43
"Hannaneh Hajishirzi.txt
","Hannaneh Hajishirzi
","https://scholar.google.com/citations?hl=en&user=LOV6_WIAAAAJ
",67,1728,1728,0,0,4,20
"Tamara Broderick.txt
","Tamara Broderick
","https://scholar.google.com/citations?hl=en&user=dPX0wQcAAAAJ
",81,1166,1176,2,0,0,0
"Reetuparna Das.txt
","Reetuparna Das
","https://scholar.google.com/citations?hl=en&user=h0gtwxIAAAAJ
",123,2831,2831,16,137,4,3
"Gang Wang.txt
","Gang Wang
","https://scholar.google.com/citations?hl=en&user=zQ5NrpUAAAAJ
",500,25943,18888,119,4782,377,13928
"Bart Selman.txt
","Bart Selman
","https://scholar.google.com/citations?hl=en&user=pJ28HA0AAAAJ
",200,27273,27210,3,175,7,535
"Nathan Beckmann.txt
","Nathan Beckmann
","https://scholar.google.com/citations?hl=en&user=zkdjit0AAAAJ
",57,1348,1350,1,30,0,0
"Mark Ackerman.txt
","Mark Ackerman
","https://scholar.google.com/citations?hl=en&user=qBTbnEQAAAAJ
",226,15196,16558,2,16,8,704
"Norman Sadeh.txt
","Norman Sadeh
","https://scholar.google.com/citations?hl=en&user=X57uzqcAAAAJ
",411,14833,14833,72,1490,52,747
"Ioannis Gkioulekas.txt
","Ioannis Gkioulekas
","https://scholar.google.com/citations?hl=en&user=yqt5PeEAAAAJ
",33,326,326,3,8,1,7
"Nir Yosef.txt
","Nir Yosef
","https://scholar.google.com/citations?hl=en&user=eQ8KEHoAAAAJ
",121,8591,8591,31,3313,3,7
"Bernhard Haeupler.txt
","Bernhard Haeupler
","https://scholar.google.com/citations?hl=en&user=hIq09eUAAAAJ
",121,1802,1934,0,0,1,47
"Jeff Erickson.txt
","Jeff Erickson
","https://scholar.google.com/citations?hl=en&user=02_kT4YAAAAJ
",138,4816,4816,9,8,7,71
"Salvatore Stolfo.txt
","Salvatore Stolfo
","https://scholar.google.com/citations?hl=en&user=iLXSMP8AAAAJ
",458,35605,35605,15,295,12,319
"Steven Swanson.txt
","Steven Swanson
","https://scholar.google.com/citations?hl=en&user=Ly1WbocAAAAJ
",171,7650,7650,32,2284,4,171
"Sachin Katti.txt
","Sachin Katti
","https://scholar.google.com/citations?hl=en&user=cc4Qi_IAAAAJ
",161,19815,19815,15,178,8,152
"Seth Teller.txt
","Seth Teller
","https://scholar.google.com/citations?hl=en&user=I6sTssIAAAAJ
",264,15278,15278,16,323,25,745
"Vladimir Stojanovic.txt
","Vladimir Stojanovic
","https://scholar.google.com/citations?hl=en&user=rsGmH38AAAAJ
",191,9528,9601,58,3719,52,928
"Rakesh Kumar.txt
","Rakesh Kumar
","https://scholar.google.com/citations?hl=en&user=HN8BPrEAAAAJ
",500,26808,24353,21,2748,16,528
"Tim Althoff.txt
","Tim Althoff
","https://scholar.google.com/citations?hl=en&user=yc4nBNgAAAAJ
",39,1065,1065,0,0,5,2
"Vern Paxson.txt
","Vern Paxson
","https://scholar.google.com/citations?hl=en&user=HvwPRJ0AAAAJ
",435,59346,59346,61,2407,25,5149
"Dan Rubenstein.txt
","Dan Rubenstein
","https://scholar.google.com/citations?hl=en&user=FM3vRPgAAAAJ
",178,6818,6818,17,167,3,24
"David Wood.txt
","David Wood
","https://scholar.google.com/citations?hl=en&user=ZLwbVbsAAAAJ
",206,3734,3734,7,21,2,5
"Haesun Park.txt
","Haesun Park
","https://scholar.google.com/citations?hl=en&user=G6kA1CMAAAAJ
",500,16923,16654,20,613,18,150
"David Woodruff.txt
","David Woodruff
","https://scholar.google.com/citations?hl=en&user=kMmxbbIAAAAJ
",258,6120,6120,10,179,3,11
"Atif Memon.txt
","Atif Memon
","https://scholar.google.com/citations?hl=en&user=jJPSj0IAAAAJ
",500,14238,14279,10,83,32,488
"Saman Amarasinghe.txt
","Saman Amarasinghe
","https://scholar.google.com/citations?hl=en&user=cF6i_goAAAAJ
",303,20106,20488,46,4343,34,365
"Ron Dror.txt
","Ron Dror
","https://scholar.google.com/citations?hl=en&user=GTmdNU0AAAAJ
",181,21020,21020,50,3837,4,14
"Satinder Singh.txt
","Satinder Singh
","https://scholar.google.com/citations?hl=en&user=q92q8SMAAAAJ
",500,34358,30846,12,257,19,1841
"Jayadev Acharya.txt
","Jayadev Acharya
","https://scholar.google.com/citations?hl=en&user=70vJVxcAAAAJ
",62,932,941,0,0,1,0
"Mark Riedl.txt
","Mark Riedl
","https://scholar.google.com/citations?hl=en&user=Yg_QjxcAAAAJ
",207,4995,4995,10,77,3,6
"Anshul Kundaje.txt
","Anshul Kundaje
","https://scholar.google.com/citations?hl=en&user=T2vp1pgAAAAJ
",127,22854,22854,52,4310,2,9959
"Stefanie Jegelka.txt
","Stefanie Jegelka
","https://scholar.google.com/citations?hl=en&user=gTWUZlsAAAAJ
",97,2479,2500,1,1,1,0
"AnHai Doan.txt
","AnHai Doan
","https://scholar.google.com/citations?hl=en&user=Qa_TAw4AAAAJ
",173,14159,14159,19,641,7,192
"Vipul Goyal.txt
","Vipul Goyal
","https://scholar.google.com/citations?hl=en&user=BYLsgysAAAAJ
",115,8290,8290,1,0,1,20
"David Brumley.txt
","David Brumley
","https://scholar.google.com/citations?hl=en&user=O-29z5AAAAAJ
",102,8807,8807,4,415,5,118
"Joseph Halpern.txt
","Joseph Halpern
","https://scholar.google.com/citations?hl=en&user=FsBCAfgAAAAJ
",500,37523,37523,22,0,16,497
"Marine Carpuat.txt
","Marine Carpuat
","https://scholar.google.com/citations?hl=en&user=EAQfVXgAAAAJ
",99,1665,1665,5,2,0,0
"Lujo Bauer.txt
","Lujo Bauer
","https://scholar.google.com/citations?hl=en&user=5cJzDZEAAAAJ
",149,6651,6651,13,609,4,108
"Armando Fox.txt
","Armando Fox
","https://scholar.google.com/citations?hl=en&user=GXJqtYUAAAAJ
",319,35804,35804,26,18287,5,15
"Karthik Sridharan.txt
","Karthik Sridharan
","https://scholar.google.com/citations?hl=en&user=nX9D5AoAAAAJ
",83,3455,3455,1,0,3,59
"Dana Randall.txt
","Dana Randall
","https://scholar.google.com/citations?hl=en&user=6wCEmNYAAAAJ
",112,1998,1998,6,17,11,354
"Steven Bellovin.txt
","Steven Bellovin
","https://scholar.google.com/citations?hl=en&user=9RlvgLEAAAAJ
",337,17926,17926,15,110,9,923
"Barton Miller.txt
","Barton Miller
","https://scholar.google.com/citations?hl=en&user=dywFuRMAAAAJ
",366,12122,12122,19,93,65,308
"Deming Chen.txt
","Deming Chen
","https://scholar.google.com/citations?hl=en&user=A_A_LrsAAAAJ
",235,4561,4617,17,160,21,253
"Satish Narayanasamy.txt
","Satish Narayanasamy
","https://scholar.google.com/citations?hl=en&user=MZKvGjYAAAAJ
",90,3328,3328,9,205,0,0
"Todd Austin.txt
","Todd Austin
","https://scholar.google.com/citations?hl=en&user=B8O_SVkAAAAJ
",328,27184,27184,38,2435,44,884
"Rama Chellappa.txt
","Rama Chellappa
","https://scholar.google.com/citations?hl=en&user=mZxsTCcAAAAJ
",500,64542,61832,9,1238,10,765
"Manos Antonakakis.txt
","Manos Antonakakis
","https://scholar.google.com/citations?hl=en&user=P6VJcVIAAAAJ
",85,2886,2886,10,138,14,238
"Soheil Feizi.txt
","Soheil Feizi
","https://scholar.google.com/citations?hl=en&user=lptAmrMAAAAJ
",56,3639,3639,4,2543,5,12
"Bernd Sturmfels.txt
","Bernd Sturmfels
","https://scholar.google.com/citations?hl=en&user=5zTUNsQAAAAJ
",321,26283,27826,1,51,0,0
"Le Song.txt
","Le Song
","https://scholar.google.com/citations?hl=en&user=Xl4E0CsAAAAJ
",226,9188,9188,6,90,9,171
"Sanjam Garg.txt
","Sanjam Garg
","https://scholar.google.com/citations?hl=en&user=mb8mQH8AAAAJ
",79,4113,4113,2,0,0,0
"Donald Yeung.txt
","Donald Yeung
","https://scholar.google.com/citations?hl=en&user=HoDilBYAAAAJ
",99,2779,2779,16,1073,4,62
"Eftychios Sifakis.txt
","Eftychios Sifakis
","https://scholar.google.com/citations?hl=en&user=swFWoHwAAAAJ
",70,3031,3071,2,13,1,3
"Frank Dellaert.txt
","Frank Dellaert
","https://scholar.google.com/citations?hl=en&user=ZxXBaswAAAAJ
",278,21702,21702,13,97,8,124
"Julian Shun.txt
","Julian Shun
","https://scholar.google.com/citations?hl=en&user=BGh9WU4AAAAJ
",57,1340,1340,5,33,0,0
"George Necula.txt
","George Necula
","https://scholar.google.com/citations?hl=en&user=_fiHvDAAAAAJ
",126,11892,11892,9,70,6,22
"Seyoung Kim.txt
","Seyoung Kim
","https://scholar.google.com/citations?hl=en&user=G99KBM8AAAAJ
",70,12073,12309,1,0,1,4
"Noah Snavely.txt
","Noah Snavely
","https://scholar.google.com/citations?hl=en&user=Db4BCX8AAAAJ
",123,15050,15050,4,121,7,298
"Kevin Chang.txt
","Kevin Chang
","https://scholar.google.com/citations?hl=en&user=GXEEO2cAAAAJ
",11,246,246,3,187,0,0
"Sushmita Roy.txt
","Sushmita Roy
","https://scholar.google.com/citations?hl=en&user=vzmzPSIAAAAJ
",500,24155,19115,37,2648,1,18
"Dan Cosley.txt
","Dan Cosley
","https://scholar.google.com/citations?hl=en&user=_KNDS-kZ-nIJ
",116,8136,8136,2,32,2,103
"Michael Erdmann.txt
","Michael Erdmann
","https://scholar.google.com/citations?hl=en&user=YnHzhAwAAAAJ
",75,5793,5850,2,1072,1,0
"Katherine Yelick.txt
","Katherine Yelick
","https://scholar.google.com/citations?hl=en&user=93yNuV0AAAAJ
",428,19587,25125,77,14643,21,288
"Stefano Ermon.txt
","Stefano Ermon
","https://scholar.google.com/citations?hl=en&user=ogXTOZ4AAAAJ
",160,2834,2834,9,100,0,0
"Michael Hicks.txt
","Michael Hicks
","https://scholar.google.com/citations?hl=en&user=I9Vzs-4AAAAJ
",248,9215,9215,7,0,1,0
"Kevyn Collins-Thompson.txt
","Kevyn Collins-Thompson
","https://scholar.google.com/citations?hl=en&user=q__pgY9AkUQJ
",106,3750,3750,7,166,5,202
"Thomas Anderson.txt
","Thomas Anderson
","https://scholar.google.com/citations?hl=en&user=MYqlcPgAAAAJ
",260,47519,47519,21,1348,8,1011
"Peter Steenkiste.txt
","Peter Steenkiste
","https://scholar.google.com/citations?hl=en&user=DK7TEvkAAAAJ
",319,15851,16399,29,1114,6,180
"Xu Chu.txt
","Xu Chu
","https://scholar.google.com/citations?hl=en&user=RqkqRnUAAAAJ
",29,853,853,1,0,1,0
"Lyle Ungar.txt
","Lyle Ungar
","https://scholar.google.com/citations?hl=en&user=KCiDjbkAAAAJ
",474,28734,28783,38,4166,23,2153
"Manos Kapritsos.txt
","Manos Kapritsos
","https://scholar.google.com/citations?hl=en&user=65VCOs0AAAAJ
",23,854,854,1,0,1,5
"Niklas Elmqvist.txt
","Niklas Elmqvist
","https://scholar.google.com/citations?hl=en&user=LoQXe24AAAAJ
",239,21057,21057,18,41,21,16141
"James Rehg.txt
","James Rehg
","https://scholar.google.com/citations?hl=en&user=8kA3eDwAAAAJ
",337,19496,19496,24,187,3,62
"Timothy Bretl.txt
","Timothy Bretl
","https://scholar.google.com/citations?hl=en&user=ab_0lGcAAAAJ
",146,3184,3196,18,684,3,1
"Thomas Wenisch.txt
","Thomas Wenisch
","https://scholar.google.com/citations?hl=en&user=MJ5G4xgAAAAJ
",168,8183,8183,35,819,3,115
"Paul Barford.txt
","Paul Barford
","https://scholar.google.com/citations?hl=en&user=4uypulQAAAAJ
",201,12293,12718,6,0,2,29
"Andrew Kahng.txt
","Andrew Kahng
","https://scholar.google.com/citations?hl=en&user=zCO_h3cAAAAJ
",500,26797,29863,2,16,11,388
"Mihir Bellare.txt
","Mihir Bellare
","https://scholar.google.com/citations?hl=en&user=2pW1g5IAAAAJ
",284,51973,51973,4,2,0,0
"Tucker Balch.txt
","Tucker Balch
","https://scholar.google.com/citations?hl=en&user=jM1cT4QAAAAJ
",270,13044,13044,13,57,35,339
"Hadi Esmaeilzadeh.txt
","Hadi Esmaeilzadeh
","https://scholar.google.com/citations?hl=en&user=LnB5_AcAAAAJ
",117,5573,5573,22,1226,1,27
"Vikram Adve.txt
","Vikram Adve
","https://scholar.google.com/citations?hl=en&user=VbruE20AAAAJ
",188,10621,10621,9,262,40,160
"Christina Delimitrou.txt
","Christina Delimitrou
","https://scholar.google.com/citations?hl=en&user=OziQjUsAAAAJ
",57,1666,1780,8,13,2,1
"Lining Yao.txt
","Lining Yao
","https://scholar.google.com/citations?hl=en&user=FEnuzckAAAAJ
",52,648,648,3,5,1,6
"Christopher Langmead.txt
","Christopher Langmead
","https://scholar.google.com/citations?hl=en&user=Dj3gptkAAAAJ
",122,2237,2342,12,251,8,238
"Fadel Adib.txt
","Fadel Adib
","https://scholar.google.com/citations?hl=en&user=OxKLBqwAAAAJ
",36,2267,2267,0,0,2,3
"Greg Turk.txt
","Greg Turk
","https://scholar.google.com/citations?hl=en&user=Q_4d9N0AAAAJ
",135,17695,17905,4,616,2,9
"Piotr Indyk.txt
","Piotr Indyk
","https://scholar.google.com/citations?hl=en&user=oOwNKsAAAAAJ
",304,30448,30448,9,0,13,214
"James Hays.txt
","James Hays
","https://scholar.google.com/citations?hl=en&user=vjZrDKQAAAAJ
",93,14939,14939,4,1,2,149
"Pavel Pevzner.txt
","Pavel Pevzner
","https://scholar.google.com/citations?hl=en&user=0fq5QeIAAAAJ
",398,48071,48705,80,12166,23,11047
"Brian Noble.txt
","Brian Noble
","https://scholar.google.com/citations?hl=en&user=AdQfIOUAAAAJ
",129,10544,10544,9,2,3,38
"Luke Olson.txt
","Luke Olson
","https://scholar.google.com/citations?hl=en&user=o43oc6AAAAAJ
",97,1458,1458,3,2,15,230
"Michael Bailey.txt
","Michael Bailey
","https://scholar.google.com/citations?hl=en&user=rHKC-kAAAAAJ
",500,30164,30151,63,4653,10,1851
"Edmund Clarke.txt
","Edmund Clarke
","https://scholar.google.com/citations?hl=en&user=_adL2C8AAAAJ
",500,71810,71812,9,444,30,13961
"Li-Yang Tan.txt
","Li-Yang Tan
","https://scholar.google.com/citations?hl=en&user=pXzn2akAAAAJ
",41,508,508,1,36,0,0
"Radu Marculescu.txt
","Radu Marculescu
","https://scholar.google.com/citations?hl=en&user=ZCmYP5cAAAAJ
",327,12363,12363,26,258,9,208
"Siddhartha Banerjee.txt
","Siddhartha Banerjee
","https://scholar.google.com/citations?hl=en&user=_kqpoHIAAAAJ
",40,824,824,0,0,1,7
"Michael Carbin.txt
","Michael Carbin
","https://scholar.google.com/citations?hl=en&user=mtejbKYAAAAJ
",49,2154,2154,2,50,0,0
"Ankur Srivastava.txt
","Ankur Srivastava
","https://scholar.google.com/citations?hl=en&user=rx92O6IAAAAJ
",292,3630,3630,11,53,6,262
"Dana Dachman-Soled.txt
","Dana Dachman-Soled
","https://scholar.google.com/citations?hl=en&user=amIl4GwAAAAJ
",67,1062,1127,1,3,9,179
"Yoav Shoham.txt
","Yoav Shoham
","https://scholar.google.com/citations?hl=en&user=fV5P_6MAAAAJ
",320,27761,27761,31,0,2,26
"Adrian Sampson.txt
","Adrian Sampson
","https://scholar.google.com/citations?hl=en&user=Bq50aCUAAAAJ
",65,2460,2460,4,18,1,0
"Ashok Goel.txt
","Ashok Goel
","https://scholar.google.com/citations?hl=en&user=VjNg25EAAAAJ
",397,8037,8037,10,88,7,35
"Hadas Kress-Gazit.txt
","Hadas Kress-Gazit
","https://scholar.google.com/citations?hl=en&user=duOys3YAAAAJ
",113,2968,3231,11,48,2,12
"James Landay.txt
","James Landay
","https://scholar.google.com/citations?hl=en&user=oQsObk0AAAAJ
",307,22848,22848,26,3737,8,16
"Madeleine Udell.txt
","Madeleine Udell
","https://scholar.google.com/citations?hl=en&user=tZ9pEDMAAAAJ
",46,599,599,1,3,0,0
"Jason Nieh.txt
","Jason Nieh
","https://scholar.google.com/citations?hl=en&user=UGrnqBUAAAAJ
",181,7465,7465,5,53,4,89
"Shobha Vasudevan.txt
","Shobha Vasudevan
","https://scholar.google.com/citations?hl=en&user=_bdmmpAAAAAJ
",85,912,912,3,0,3,3
"Ranjit Jhala.txt
","Ranjit Jhala
","https://scholar.google.com/citations?hl=en&user=H3wb878AAAAJ
",149,9849,9849,6,36,5,378
"Jeffrey Heer.txt
","Jeffrey Heer
","https://scholar.google.com/citations?hl=en&user=vlgs4G4AAAAJ
",224,17038,17038,9,183,13,201
"Rajeev Alur.txt
","Rajeev Alur
","https://scholar.google.com/citations?hl=en&user=kWnv_YkAAAAJ
",416,42174,42174,13,257,24,186
"Thorsten Joachims.txt
","Thorsten Joachims
","https://scholar.google.com/citations?hl=en&user=5tk1PV8AAAAJ
",283,59062,59062,17,7,17,1065
"Bilge Mutlu.txt
","Bilge Mutlu
","https://scholar.google.com/citations?hl=en&user=VGr54BoAAAAJ
",171,4746,4746,9,89,3,20
"Amanda Lazar.txt
","Amanda Lazar
","https://scholar.google.com/citations?hl=en&user=WrnEVwQAAAAJ
",43,976,976,1,0,0,0
"Karl Crary.txt
","Karl Crary
","https://scholar.google.com/citations?hl=en&user=DTjqn9QAAAAJ
",102,4164,4636,1,0,0,0
"Indranil Gupta.txt
","Indranil Gupta
","https://scholar.google.com/citations?hl=en&user=Waaj7a8AAAAJ
",305,5752,6442,15,79,18,363
"Lydia Chilton.txt
","Lydia Chilton
","https://scholar.google.com/citations?hl=en&user=RpxD-7QAAAAJ
",38,2751,2751,1,0,3,0
"Bistra Dilkina.txt
","Bistra Dilkina
","https://scholar.google.com/citations?hl=en&user=1jjyaBYAAAAJ
",90,1040,1040,3,25,1,4
"Xi Chen.txt
","Xi Chen
","https://scholar.google.com/citations?hl=en&user=6SSMIsoAAAAJ
",395,10833,10938,8,63,10,0
"Nick McKeown.txt
","Nick McKeown
","https://scholar.google.com/citations?hl=en&user=SqMUez0AAAAJ
",310,47729,47729,34,4066,10,236
"Santosh Pande.txt
","Santosh Pande
","https://scholar.google.com/citations?hl=en&user=w55j5-8AAAAJ
",164,1865,1906,3,25,1,9
"Barzan Mozafari.txt
","Barzan Mozafari
","https://scholar.google.com/citations?hl=en&user=HHd7uewAAAAJ
",61,2087,2087,1,142,1,4
"Jianbo Shi.txt
","Jianbo Shi
","https://scholar.google.com/citations?hl=en&user=Sm14jYIAAAAJ
",209,37433,37433,12,17,47,64
"Alex Kirlik.txt
","Alex Kirlik
","https://scholar.google.com/citations?hl=en&user=ZS-2t_AAAAAJ
",188,2369,2369,8,82,6,63
"Abhinav Gupta.txt
","Abhinav Gupta
","https://scholar.google.com/citations?hl=en&user=bqL73OkAAAAJ
",264,15095,15099,36,1465,1,0
"Kamalika Chaudhuri.txt
","Kamalika Chaudhuri
","https://scholar.google.com/citations?hl=en&user=I-DJ7EsAAAAJ
",76,4517,4530,1,94,0,0
"Alexander Schwing.txt
","Alexander Schwing
","https://scholar.google.com/citations?hl=en&user=3B2c31wAAAAJ
",107,3348,3348,4,54,4,126
"Mehran Sahami.txt
","Mehran Sahami
","https://scholar.google.com/citations?hl=en&user=ZasL8IoAAAAJ
",163,18479,18479,19,50,9,903
"Marc Snir.txt
","Marc Snir
","https://scholar.google.com/citations?hl=en&user=HaI6LesAAAAJ
",350,19463,23508,43,5880,23,1413
"Anupam Datta.txt
","Anupam Datta
","https://scholar.google.com/citations?hl=en&user=oK3QM1wAAAAJ
",477,6109,6473,19,18,10,2
"C. Liu.txt
","C. Liu
","https://scholar.google.com/citations?hl=en&user=fT2gL5gAAAAJ
",500,24316,22294,42,1396,11,306
"Ariel Procaccia.txt
","Ariel Procaccia
","https://scholar.google.com/citations?hl=en&user=8ZpV-lkAAAAJ
",187,6405,6405,6,106,3,0
"Dan Roth.txt
","Dan Roth
","https://scholar.google.com/citations?hl=en&user=E-bpPWgAAAAJ
",500,24062,24062,33,1754,4,454
"Ron Weiss.txt
","Ron Weiss
","https://scholar.google.com/citations?hl=en&user=BRIg53UAAAAJ
",190,14026,14026,31,1015,1,731
"James McCann.txt
","James McCann
","https://scholar.google.com/citations?hl=en&user=OA9rqJoAAAAJ
",49,782,782,2,0,3,0
"Ming Lin.txt
","Ming Lin
","https://scholar.google.com/citations?hl=en&user=ugFNit4AAAAJ
",500,29377,29803,10,209,167,1464
"Gul Agha.txt
","Gul Agha
","https://scholar.google.com/citations?hl=en&user=orHlhhQAAAAJ
",443,18293,18336,11,753,27,186
"Mor Naaman.txt
","Mor Naaman
","https://scholar.google.com/citations?hl=en&user=IeqjwlIAAAAJ
",152,13685,13685,6,137,3,38
"Elias Bareinboim.txt
","Elias Bareinboim
","https://scholar.google.com/citations?hl=en&user=r5U-D7YAAAAJ
",53,1187,1195,1,14,0,0
"David Shmoys.txt
","David Shmoys
","https://scholar.google.com/citations?hl=en&user=rD8a4hQAAAAJ
",196,21227,21227,20,328,11,36
"Emina Torlak.txt
","Emina Torlak
","https://scholar.google.com/citations?hl=en&user=rFpexEAAAAAJ
",71,2240,2240,4,397,1,10
"Garrison Cottrell.txt
","Garrison Cottrell
","https://scholar.google.com/citations?hl=en&user=5Aut7EEAAAAJ
",324,16102,16102,11,34,5,24
"Scott Shenker.txt
","Scott Shenker
","https://scholar.google.com/citations?hl=en&user=GUAoEcAAAAAJ
",500,145278,145376,58,21760,25,9410
"Brandon Lucia.txt
","Brandon Lucia
","https://scholar.google.com/citations?hl=en&user=a9T7i5QAAAAJ
",69,1706,1782,2,0,2,2
"John Mitchell.txt
","John Mitchell
","https://scholar.google.com/citations?hl=en&user=OXWKH4MAAAAJ
",373,12011,12011,98,3042,0,0
"Nadia Polikarpova.txt
","Nadia Polikarpova
","https://scholar.google.com/citations?hl=en&user=CxzUX0EAAAAJ
",21,586,586,2,96,0,0
"Sasa Misailovic.txt
","Sasa Misailovic
","https://scholar.google.com/citations?hl=en&user=3qJQjIYAAAAJ
",47,2431,2431,3,102,1,2
"Mark Craven.txt
","Mark Craven
","https://scholar.google.com/citations?hl=en&user=6VuiGBQAAAAJ
",129,8687,9035,11,342,6,45
"Ling Liu.txt
","Ling Liu
","https://scholar.google.com/citations?hl=en&user=VIwtdckAAAAJ
",500,22324,22294,5,70,12,272
"Hakim Weatherspoon.txt
","Hakim Weatherspoon
","https://scholar.google.com/citations?hl=en&user=0zrqo3B-66wC
",116,7933,7933,19,3511,4,4
"Benjamin Kuipers.txt
","Benjamin Kuipers
","https://scholar.google.com/citations?hl=en&user=H1XVLwsAAAAJ
",405,20064,20064,21,56,28,616
"Ramani Duraiswami.txt
","Ramani Duraiswami
","https://scholar.google.com/citations?hl=en&user=BVXyodYAAAAJ
",332,12035,12035,7,36,14,509
"Maria-Florina Balcan.txt
","Maria-Florina Balcan
","https://scholar.google.com/citations?hl=en&user=LWlN_BUAAAAJ
",175,5064,5064,5,0,11,83
"Amy Bruckman.txt
","Amy Bruckman
","https://scholar.google.com/citations?hl=en&user=IdWa_JkAAAAJ
",220,10500,10500,12,104,10,155
"Tao Xie.txt
","Tao Xie
","https://scholar.google.com/citations?hl=en&user=DhhH9J4AAAAJ
",369,12001,13033,2,76,3,68
"David Page.txt
","David Page
","https://scholar.google.com/citations?hl=en&user=IlsuQ4oAAAAJ
",500,41781,41781,105,20173,5,15
"Matthew Kay.txt
","Matthew Kay
","https://scholar.google.com/citations?hl=en&user=ii5Ur2EAAAAJ
",107,1967,1967,16,738,1,4
"Danai Koutra.txt
","Danai Koutra
","https://scholar.google.com/citations?hl=en&user=bDrA1-8AAAAJ
",99,2390,2390,4,390,2,3
"Suman Banerjee.txt
","Suman Banerjee
","https://scholar.google.com/citations?hl=en&user=cLb-v7gAAAAJ
",311,15596,16275,19,101,8,125
"Zakir Durumeric.txt
","Zakir Durumeric
","https://scholar.google.com/citations?hl=en&user=TxPSRHIAAAAJ
",28,3176,3176,4,378,0,0
"Srinivasa Narasimhan.txt
","Srinivasa Narasimhan
","https://scholar.google.com/citations?hl=en&user=MhYrLJAAAAAJ
",139,9490,9490,8,43,2,46
"David Horn.txt
","David Horn
","https://scholar.google.com/citations?hl=en&user=gjKDpHIAAAAJ
",134,8382,8390,3,162,1,100
"Kurt Keutzer.txt
","Kurt Keutzer
","https://scholar.google.com/citations?hl=en&user=ID9QePIAAAAJ
",369,21830,21830,21,207,0,0
"Joshua Smith.txt
","Joshua Smith
","https://scholar.google.com/citations?hl=en&user=DPxLTGgAAAAJ
",298,38505,50278,253,47877,6,1617
"Furong Huang.txt
","Furong Huang
","https://scholar.google.com/citations?hl=en&user=mRI6AogAAAAJ
",35,878,878,0,0,1,43
"Nihar Shah.txt
","Nihar Shah
","https://scholar.google.com/citations?hl=en&user=9UWMV74AAAAJ
",38,413,413,1,16,3,5
"Srinivas Aluru.txt
","Srinivas Aluru
","https://scholar.google.com/citations?hl=en&user=YOGOScoAAAAJ
",328,9918,9918,33,3251,27,1601
"Zsolt Kira.txt
","Zsolt Kira
","https://scholar.google.com/citations?hl=en&user=2a5XgNAAAAAJ
",60,678,678,1,0,0,0
"Brian Curless.txt
","Brian Curless
","https://scholar.google.com/citations?hl=en&user=tlh8i7gAAAAJ
",112,26568,27886,6,183,3,249
"Taesoo Kim.txt
","Taesoo Kim
","https://scholar.google.com/citations?hl=en&user=06hgT8gAAAAJ
",500,9865,8216,92,1250,341,4450
"Hanan Samet.txt
","Hanan Samet
","https://scholar.google.com/citations?hl=en&user=ATOfqHEAAAAJ
",500,30161,30168,25,30,19,349
"Aditya Parameswaran.txt
","Aditya Parameswaran
","https://scholar.google.com/citations?hl=en&user=VeB3UbcAAAAJ
",123,3001,3001,8,187,2,0
"Robert Morris.txt
","Robert Morris
","https://scholar.google.com/citations?hl=en&user=in6eBIwAAAAJ
",282,64302,77740,32,1598,3,7
"Paul Pearce.txt
","Paul Pearce
","https://scholar.google.com/citations?hl=en&user=JvY2c4YAAAAJ
",11,676,676,1,79,0,0
"Shree Nayar.txt
","Shree Nayar
","https://scholar.google.com/citations?hl=en&user=3pZs3j0AAAAJ
",468,50615,50615,28,388,32,299
"Cecilia Aragon.txt
","Cecilia Aragon
","https://scholar.google.com/citations?hl=en&user=BM_qLgYAAAAJ
",234,6322,6322,45,170,10,120
"Alessandro Acquisti.txt
","Alessandro Acquisti
","https://scholar.google.com/citations?hl=en&user=2XCryp4AAAAJ
",266,20977,20977,13,241,24,697
"Ryan Kastner.txt
","Ryan Kastner
","https://scholar.google.com/citations?hl=en&user=lfLiQmcAAAAJ
",287,5546,5546,14,76,5,8
"Laurent Lessard.txt
","Laurent Lessard
","https://scholar.google.com/citations?hl=en&user=5PBPqeQAAAAJ
",51,1039,1039,1,3,0,0
"Tal Malkin.txt
","Tal Malkin
","https://scholar.google.com/citations?hl=en&user=c0yPSEYAAAAJ
",116,6407,6472,5,23,5,84
"Mary Wootters.txt
","Mary Wootters
","https://scholar.google.com/citations?hl=en&user=LiH53A8AAAAJ
",60,800,800,6,7,1,0
"Sayeef Salahuddin.txt
","Sayeef Salahuddin
","https://scholar.google.com/citations?hl=en&user=Ay4FZFUAAAAJ
",325,12847,12847,104,6306,11,43
"Nika Haghtalab.txt
","Nika Haghtalab
","https://scholar.google.com/citations?hl=en&user=C6pnolkAAAAJ
",35,363,363,2,0,1,0
"Alex Endert.txt
","Alex Endert
","https://scholar.google.com/citations?hl=en&user=_ZIAy3cAAAAJ
",125,2243,2243,14,6,2,4
"Nikita Borisov.txt
","Nikita Borisov
","https://scholar.google.com/citations?hl=en&user=MnsxqAcAAAAJ
",165,7345,7428,10,126,13,41
"Shuchi Chawla.txt
","Shuchi Chawla
","https://scholar.google.com/citations?hl=en&user=Znp3UkEAAAAJ
",97,5180,5180,4,0,3,0
"Jason Mars.txt
","Jason Mars
","https://scholar.google.com/citations?hl=en&user=Fn5PadcAAAAJ
",96,3032,3032,18,332,2,16
"Clark Barrett.txt
","Clark Barrett
","https://scholar.google.com/citations?hl=en&user=BtwmZfQAAAAJ
",166,7360,7360,2,3,5,9
"Alexandros Daglis.txt
","Alexandros Daglis
","https://scholar.google.com/citations?hl=en&user=Mm-dHpMAAAAJ
",14,227,227,1,4,0,0
"Grace Wahba.txt
","Grace Wahba
","https://scholar.google.com/citations?hl=en&user=2lPABNoAAAAJ
",389,38323,38323,21,26,22,3117
"Yuvraj Agarwal.txt
","Yuvraj Agarwal
","https://scholar.google.com/citations?hl=en&user=H4UeZ2MAAAAJ
",99,4945,4945,10,423,2,32
"Vladimir Kolesnikov.txt
","Vladimir Kolesnikov
","https://scholar.google.com/citations?hl=en&user=1vwuDM4AAAAJ
",176,3408,3408,13,43,9,48
"Huijia Lin.txt
","Huijia Lin
","https://scholar.google.com/citations?hl=en&user=h3gpLYAAAAAJ
",60,1741,1838,2,8,0,0
"Seth Hutchinson.txt
","Seth Hutchinson
","https://scholar.google.com/citations?hl=en&user=-JPZ21IAAAAJ
",299,20332,20332,18,227,7,42
"Venkatesan Guruswami.txt
","Venkatesan Guruswami
","https://scholar.google.com/citations?hl=en&user=Es6jE1kAAAAJ
",327,8886,8886,15,0,9,139
"Barna Saha.txt
","Barna Saha
","https://scholar.google.com/citations?hl=en&user=BsmjRdoAAAAJ
",84,1721,1721,1,11,1,11
"Matthew Sinclair.txt
","Matthew Sinclair
","https://scholar.google.com/citations?hl=en&user=dPm7cz0AAAAJ
",47,528,528,4,75,0,0
"Michael Otte.txt
","Michael Otte
","https://scholar.google.com/citations?hl=en&user=JbBpeE0AAAAJ
",44,445,445,0,0,1,2
"Devi Parikh.txt
","Devi Parikh
","https://scholar.google.com/citations?hl=en&user=ijpYJQwAAAAJ
",201,11267,12616,16,1422,4,25
"Somesh Jha.txt
","Somesh Jha
","https://scholar.google.com/citations?hl=en&user=BaI7l8QAAAAJ
",500,28371,28519,28,300,26,638
"Matei Zaharia.txt
","Matei Zaharia
","https://scholar.google.com/citations?hl=en&user=I1EvjZsAAAAJ
",159,41306,41306,30,19450,7,213
"Tim Roughgarden.txt
","Tim Roughgarden
","https://scholar.google.com/citations?hl=en&user=0lcJYs8AAAAJ
",369,17651,17651,17,924,10,551
"Michael Taylor.txt
","Michael Taylor
","https://scholar.google.com/citations?hl=en&user=5Od-c5QAAAAJ
",500,30869,35450,330,24950,3,1432
"Anthony Gitter.txt
","Anthony Gitter
","https://scholar.google.com/citations?hl=en&user=j0_fn9oAAAAJ
",30,1185,1185,5,314,0,0
"Tony Jebara.txt
","Tony Jebara
","https://scholar.google.com/citations?hl=en&user=Dn_qYK8AAAAJ
",215,16559,16559,10,8038,7,67
"Bruno Sinopoli.txt
","Bruno Sinopoli
","https://scholar.google.com/citations?hl=en&user=zZO9qG4AAAAJ
",215,11892,11892,6,115,7,102
"Alexander Gray.txt
","Alexander Gray
","https://scholar.google.com/citations?hl=en&user=qrP9SXsAAAAJ
",68,1550,1550,16,168,1,8
"David Bamman.txt
","David Bamman
","https://scholar.google.com/citations?hl=en&user=RkA1y54AAAAJ
",82,1918,1952,0,0,3,38
"Naomi Feldman.txt
","Naomi Feldman
","https://scholar.google.com/citations?hl=en&user=FvRFQZ8AAAAJ
",40,1047,1047,1,77,0,0
"Lui Sha.txt
","Lui Sha
","https://scholar.google.com/citations?hl=en&user=SlXqNooAAAAJ
",438,25115,25115,29,316,21,210
"Paul Beame.txt
","Paul Beame
","https://scholar.google.com/citations?hl=en&user=plYoF-MAAAAJ
",145,6221,6579,2,0,7,85
"Samuel Madden.txt
","Samuel Madden
","https://scholar.google.com/citations?hl=en&user=a1ngrCIAAAAJ
",423,50572,50572,70,7863,40,4217
"Robin Kravets.txt
","Robin Kravets
","https://scholar.google.com/citations?hl=en&user=dACRUjgAAAAJ
",192,7978,8009,15,68,10,33
"Martina Rau.txt
","Martina Rau
","https://scholar.google.com/citations?hl=en&user=bZQk_NkAAAAJ
",76,699,699,2,4,3,0
"Jeannette Bohg.txt
","Jeannette Bohg
","https://scholar.google.com/citations?hl=en&user=rjnJnEkAAAAJ
",76,1645,1645,7,116,2,20
"John Canny.txt
","John Canny
","https://scholar.google.com/citations?hl=en&user=LAv0HTEAAAAJ
",374,54825,56327,9,6,15,504
"Grant Schoenebeck.txt
","Grant Schoenebeck
","https://scholar.google.com/citations?hl=en&user=m4zCAPoAAAAJ
",49,1532,1532,1,0,1,15
"Ravi Ramamoorthi.txt
","Ravi Ramamoorthi
","https://scholar.google.com/citations?hl=en&user=q0MzO6cAAAAJ
",213,11752,11752,10,235,6,90
"Charalampos Papamanthou.txt
","Charalampos Papamanthou
","https://scholar.google.com/citations?hl=en&user=4k0lzWwAAAAJ
",94,5239,5239,4,18,1,0
"Caroline Uhler.txt
","Caroline Uhler
","https://scholar.google.com/citations?hl=en&user=dIJFcaoAAAAJ
",63,1469,1469,2,12,1,89
"Omri Weinstein.txt
","Omri Weinstein
","https://scholar.google.com/citations?hl=en&user=oRi9TIwAAAAJ
",46,593,593,2,0,1,2
"Guy Hoffman.txt
","Guy Hoffman
","https://scholar.google.com/citations?hl=en&user=ZocLOAMAAAAJ
",101,2806,2806,1,0,0,0
"Aravind Srinivasan.txt
","Aravind Srinivasan
","https://scholar.google.com/citations?hl=en&user=sPzla6IAAAAJ
",359,12920,12920,26,248,21,163
"Anupam Gupta.txt
","Anupam Gupta
","https://scholar.google.com/citations?hl=en&user=QuwaU-8AAAAJ
",218,8740,9245,3,300,1,9
"Richard Vuduc.txt
","Richard Vuduc
","https://scholar.google.com/citations?hl=en&user=CCGI7x4AAAAJ
",215,6456,6456,10,405,4,15
"Stephen Wright.txt
","Stephen Wright
","https://scholar.google.com/citations?hl=en&user=VFQRIOwAAAAJ
",325,51937,78177,5,12,10,26248
"Ben Liblit.txt
","Ben Liblit
","https://scholar.google.com/citations?hl=en&user=nvR1mBgAAAAJ
",115,5175,5175,11,148,7,219
"Jacob Wobbrock.txt
","Jacob Wobbrock
","https://scholar.google.com/citations?hl=en&user=TmZ3howAAAAJ
",213,13205,13205,13,967,6,199
"Max Shulaker.txt
","Max Shulaker
","https://scholar.google.com/citations?hl=en&user=ac1SojMAAAAJ
",61,1851,1851,10,67,0,0
"Karthikeyan Sankaralingam.txt
","Karthikeyan Sankaralingam
","https://scholar.google.com/citations?hl=en&user=O0W9jEQAAAAJ
",160,6415,6415,21,362,11,136
"Steven Nowick.txt
","Steven Nowick
","https://scholar.google.com/citations?hl=en&user=gaXiAekAAAAJ
",135,5194,5194,1,0,3,202
"Sonia Chernova.txt
","Sonia Chernova
","https://scholar.google.com/citations?hl=en&user=EYo_WkEAAAAJ
",137,4539,4539,5,62,2,5
"Sergey Levine.txt
","Sergey Levine
","https://scholar.google.com/citations?hl=en&user=8R35rCwAAAAJ
",247,14912,14912,19,518,0,0
"Aaron Schulman.txt
","Aaron Schulman
","https://scholar.google.com/citations?hl=en&user=OP27m34AAAAJ
",32,991,991,6,130,0,0
"Hao Su.txt
","Hao Su
","https://scholar.google.com/citations?hl=en&user=1P8Zu04AAAAJ
",72,19186,19260,2,826,2,17
"Munmun Choudhury.txt
","Munmun Choudhury
","https://scholar.google.com/citations?hl=en&user=Z9Pfp6UAAAAJ
",128,5627,5627,9,28,0,0
"Larry Davis.txt
","Larry Davis
","https://scholar.google.com/citations?hl=en&user=lc0ARagAAAAJ
",500,59750,58706,8,634,10,588
"Mosharaf Chowdhury.txt
","Mosharaf Chowdhury
","https://scholar.google.com/citations?hl=en&user=Dzh5C9EAAAAJ
",50,15203,15412,0,0,9,3233
"Vishal Misra.txt
","Vishal Misra
","https://scholar.google.com/citations?hl=en&user=9hPnkXsAAAAJ
",197,12751,12751,14,0,5,90
"Xiaojin Zhu.txt
","Xiaojin Zhu
","https://scholar.google.com/citations?hl=en&user=hqTu-QcAAAAJ
",500,20399,19998,14,176,317,3649
"Eytan Ruppin.txt
","Eytan Ruppin
","https://scholar.google.com/citations?hl=en&user=L3KXa3cAAAAJ
",434,18285,18285,88,4286,18,405
"Tim Kraska.txt
","Tim Kraska
","https://scholar.google.com/citations?hl=en&user=biuxbRsAAAAJ
",137,5464,5464,11,319,3,51
"Ronitt Rubinfeld.txt
","Ronitt Rubinfeld
","https://scholar.google.com/citations?hl=en&user=pZhZndYAAAAJ
",196,7449,7449,20,90,7,68
"Luca Carloni.txt
","Luca Carloni
","https://scholar.google.com/citations?hl=en&user=sEAoh3MAAAAJ
",215,7041,7041,24,469,2,11
"Jan Hoffmann.txt
","Jan Hoffmann
","https://scholar.google.com/citations?hl=en&user=gdWrCjEAAAAJ
",60,1706,1706,1,0,1,0
"Luca Trevisan.txt
","Luca Trevisan
","https://scholar.google.com/citations?hl=en&user=4yuKD_AAAAAJ
",224,7677,7677,19,69,8,43
"Arun Kumar.txt
","Arun Kumar
","https://scholar.google.com/citations?hl=en&user=GEQK6kYAAAAJ
",500,36672,30270,52,4861,15,1927
"Clifford Stein.txt
","Clifford Stein
","https://scholar.google.com/citations?hl=en&user=r49_E2cAAAAJ
",286,64168,64168,20,228,28,2699
"Mingyan Liu.txt
","Mingyan Liu
","https://scholar.google.com/citations?hl=en&user=WiIM-MgAAAAJ
",254,9425,9425,6,40,2,12
"Howie Choset.txt
","Howie Choset
","https://scholar.google.com/citations?hl=en&user=4fvo61oAAAAJ
",500,17755,17755,34,792,11,99
"Jian Peng.txt
","Jian Peng
","https://scholar.google.com/citations?hl=en&user=H2JX-RQAAAAJ
",129,4997,4997,8,880,2,214
"Pieter Abbeel.txt
","Pieter Abbeel
","https://scholar.google.com/citations?hl=en&user=vtwH6GkAAAAJ
",361,28261,28261,32,3547,11,521
"Kirill Levchenko.txt
","Kirill Levchenko
","https://scholar.google.com/citations?hl=en&user=bVGlTd4AAAAJ
",80,4243,4243,10,322,3,53
"Zachary Tatlock.txt
","Zachary Tatlock
","https://scholar.google.com/citations?hl=en&user=jz2Tvk4AAAAJ
",52,1041,1041,3,9,3,0
"Adam Chlipala.txt
","Adam Chlipala
","https://scholar.google.com/citations?hl=en&user=Imh0w3AAAAAJ
",110,2448,2448,3,0,2,0
"Jian Huang.txt
","Jian Huang
","https://scholar.google.com/citations?hl=en&user=01hkN4IAAAAJ
",217,2382,2405,3,46,19,29
"Duane Boning.txt
","Duane Boning
","https://scholar.google.com/citations?hl=en&user=oIdI_PcAAAAJ
",400,6323,6626,27,72,24,637
"John Kubiatowicz.txt
","John Kubiatowicz
","https://scholar.google.com/citations?hl=en&user=00M1AqQAAAAJ
",223,25298,25298,33,1627,8,493
"Richard Lipton.txt
","Richard Lipton
","https://scholar.google.com/citations?hl=en&user=Jrr6ricAAAAJ
",500,140501,133564,75,43792,12,9853
"Russell Impagliazzo.txt
","Russell Impagliazzo
","https://scholar.google.com/citations?hl=en&user=VwQRddkAAAAJ
",238,16079,16079,20,27,6,183
"Shaowen Wang.txt
","Shaowen Wang
","https://scholar.google.com/citations?hl=en&user=qcUhJIcAAAAJ
",193,5315,5315,18,113,5,2122
"Wenke Lee.txt
","Wenke Lee
","https://scholar.google.com/citations?hl=en&user=nfkH5V4AAAAJ
",269,35087,35199,12,34,3,26
"Tom Goldstein.txt
","Tom Goldstein
","https://scholar.google.com/citations?hl=en&user=KmSuVtgAAAAJ
",129,6810,6810,12,242,4,2
"Kris Hauser.txt
","Kris Hauser
","https://scholar.google.com/citations?hl=en&user=-sGaL8sAAAAJ
",136,2894,2894,7,1,1,1
"Alonzo Kelly.txt
","Alonzo Kelly
","https://scholar.google.com/citations?hl=en&user=W7yeGUoAAAAJ
",334,8734,8734,20,1470,11,502
"Kunle Olukotun.txt
","Kunle Olukotun
","https://scholar.google.com/citations?hl=en&user=IzXDyR8AAAAJ
",260,18692,18845,62,3877,29,1877
"Alessandro Orso.txt
","Alessandro Orso
","https://scholar.google.com/citations?hl=en&user=wCfYkMkAAAAJ
",182,9761,9761,12,9,6,170
"Alex Snoeren.txt
","Alex Snoeren
","https://scholar.google.com/citations?hl=en&user=lBzZU1IAAAAJ
",164,10535,10999,23,847,2,91
"Rebecca Grinter.txt
","Rebecca Grinter
","https://scholar.google.com/citations?hl=en&user=PNalJ58AAAAJ
",156,13695,13695,11,326,7,421
"Alex Orailoglu.txt
","Alex Orailoglu
","https://scholar.google.com/citations?hl=en&user=RJhla18AAAAJ
",379,4029,4029,44,98,20,197
"Silvio Savarese.txt
","Silvio Savarese
","https://scholar.google.com/citations?hl=en&user=ImpbxLsAAAAJ
",305,14650,14650,16,1096,9,255
"Krste Asanovic.txt
","Krste Asanovic
","https://scholar.google.com/citations?hl=en&user=e4I7ihkAAAAJ
",340,16159,16159,50,2464,86,3513
"Philip Resnik.txt
","Philip Resnik
","https://scholar.google.com/citations?hl=en&user=71BFWc0AAAAJ
",230,17453,17453,19,654,7,518
"Eric Brewer.txt
","Eric Brewer
","https://scholar.google.com/citations?hl=en&user=BbzYzsgAAAAJ
",287,28285,29973,15,2502,9,195
"Martha Kim.txt
","Martha Kim
","https://scholar.google.com/citations?hl=en&user=gFb9vegAAAAJ
",68,1143,1143,13,367,9,118
"Jenna Wiens.txt
","Jenna Wiens
","https://scholar.google.com/citations?hl=en&user=fvEfKxkAAAAJ
",50,433,433,5,20,1,0
"Dhruv Batra.txt
","Dhruv Batra
","https://scholar.google.com/citations?hl=en&user=_bs7PqgAAAAJ
",185,7936,8585,21,553,4,12
"Eric Xing.txt
","Eric Xing
","https://scholar.google.com/citations?hl=en&user=5pKTRxEAAAAJ
",500,26240,26240,18,1099,24,783
"Moinuddin Qureshi.txt
","Moinuddin Qureshi
","https://scholar.google.com/citations?hl=en&user=EWU0STsAAAAJ
",130,8718,8718,16,86,1,0
"Aaron Sidford.txt
","Aaron Sidford
","https://scholar.google.com/citations?hl=en&user=SWqd2rgAAAAJ
",64,1919,1919,2,1,0,0
"Jarek Rossignac.txt
","Jarek Rossignac
","https://scholar.google.com/citations?hl=en&user=Q3KRC5gAAAAJ
",359,14468,14536,34,360,17,1744
"Randy Katz.txt
","Randy Katz
","https://scholar.google.com/citations?hl=en&user=PkfChMgAAAAJ
",500,76459,76459,17,1380,32,1018
"Amitabh Varshney.txt
","Amitabh Varshney
","https://scholar.google.com/citations?hl=en&user=b053OdAAAAAJ
",159,8107,8107,6,94,12,24
"Michael Collins.txt
","Michael Collins
","https://scholar.google.com/citations?hl=en&user=DxoenfgAAAAJ
",110,21512,21531,1,372,1,90
"Julia Hockenmaier.txt
","Julia Hockenmaier
","https://scholar.google.com/citations?hl=en&user=iIiVrrQAAAAJ
",81,5347,5347,3,747,2,15
"Bruce Tidor.txt
","Bruce Tidor
","https://scholar.google.com/citations?hl=en&user=0YlwI5MAAAAJ
",283,16798,16798,26,6383,25,49
"Ellen Zegura.txt
","Ellen Zegura
","https://scholar.google.com/citations?hl=en&user=Z6EHuGcAAAAJ
",271,16972,16972,21,43,21,384
"David Forsyth.txt
","David Forsyth
","https://scholar.google.com/citations?hl=en&user=5H0arvkAAAAJ
",411,31362,31362,32,1754,44,1240
"Dan Boneh.txt
","Dan Boneh
","https://scholar.google.com/citations?hl=en&user=MwLqCs4AAAAJ
",441,72841,72841,22,1273,21,1634
"Moses Charikar.txt
","Moses Charikar
","https://scholar.google.com/citations?hl=en&user=zX3ba1kAAAAJ
",143,15899,15899,1,63,0,0
"Mohammed El-Kebir.txt
","Mohammed El-Kebir
","https://scholar.google.com/citations?hl=en&user=8mUzslcAAAAJ
",37,780,780,2,11,1,91
"Nancy Pollard.txt
","Nancy Pollard
","https://scholar.google.com/citations?hl=en&user=Lsr_-hsAAAAJ
",128,6407,6407,6,72,4,5
"Deian Stefan.txt
","Deian Stefan
","https://scholar.google.com/citations?hl=en&user=qTVj7nwAAAAJ
",86,1379,1379,7,20,3,21
"Robert Nowak.txt
","Robert Nowak
","https://scholar.google.com/citations?hl=en&user=ljs_rkIAAAAJ
",126,197,197,2,10,7,3
"Michael Wellman.txt
","Michael Wellman
","https://scholar.google.com/citations?hl=en&user=UruIct4AAAAJ
",276,16871,16871,5,245,3,776
"Stefan Savage.txt
","Stefan Savage
","https://scholar.google.com/citations?hl=en&user=_JhgbioAAAAJ
",250,37443,37443,35,5190,12,319
"Nirupam Roy.txt
","Nirupam Roy
","https://scholar.google.com/citations?hl=en&user=B7gZ2kQAAAAJ
",60,634,634,11,126,0,0
"Seth Goldstein.txt
","Seth Goldstein
","https://scholar.google.com/citations?hl=en&user=P8iv3gMAAAAJ
",84,969,983,5,25,0,0
"Louis-Philippe Morency.txt
","Louis-Philippe Morency
","https://scholar.google.com/citations?hl=en&user=APgaFK0AAAAJ
",325,10341,10341,19,1205,10,101
"Zhiru Zhang.txt
","Zhiru Zhang
","https://scholar.google.com/citations?hl=en&user=x05pUHsAAAAJ
",81,2398,2398,6,182,0,0
"Yuanyuan Zhou.txt
","Yuanyuan Zhou
","https://scholar.google.com/citations?hl=en&user=rWl0U0oAAAAJ
",182,14020,14020,7,127,36,224
"Christopher Batten.txt
","Christopher Batten
","https://scholar.google.com/citations?hl=en&user=UGDVOZgAAAAJ
",63,2217,2217,10,34,0,0
"Fei Fang.txt
","Fei Fang
","https://scholar.google.com/citations?hl=en&user=R6jE0VEAAAAJ
",82,842,876,1,0,0,0
"Wojciech Matusik.txt
","Wojciech Matusik
","https://scholar.google.com/citations?hl=en&user=wbIMbL8AAAAJ
",280,14772,14772,19,879,8,258
"Koushik Sen.txt
","Koushik Sen
","https://scholar.google.com/citations?hl=en&user=Vn3L_ioAAAAJ
",218,14784,14784,16,951,15,226
"Steven Feiner.txt
","Steven Feiner
","https://scholar.google.com/citations?hl=en&user=PogsVkYAAAAJ
",499,43253,55121,47,431,29,8817
"Jennifer Listgarten.txt
","Jennifer Listgarten
","https://scholar.google.com/citations?hl=en&user=jhPhgf4AAAAJ
",70,4378,4378,12,1210,1,9
"Frank Pfenning.txt
","Frank Pfenning
","https://scholar.google.com/citations?hl=en&user=ghWKWBUAAAAJ
",500,14553,14553,17,0,20,1151
"ChengXiang Zhai.txt
","ChengXiang Zhai
","https://scholar.google.com/citations?hl=en&user=YU-baPIAAAAJ
",497,29258,29258,22,350,46,94
"Anna Karlin.txt
","Anna Karlin
","https://scholar.google.com/citations?hl=en&user=9ZGqm5QAAAAJ
",136,13719,13822,6,323,6,372
"George Pappas.txt
","George Pappas
","https://scholar.google.com/citations?hl=en&user=Kia-4B0AAAAJ
",473,27990,28176,21,1834,6,56
"Chris Peikert.txt
","Chris Peikert
","https://scholar.google.com/citations?hl=en&user=PiZymREAAAAJ
",92,11686,11686,3,0,1,0
"Su-In Lee.txt
","Su-In Lee
","https://scholar.google.com/citations?hl=en&user=3ifikJ0AAAAJ
",60,4517,4517,10,1841,1,14
"Vikas Singh.txt
","Vikas Singh
","https://scholar.google.com/citations?hl=en&user=O6Lj5WoAAAAJ
",500,3339,3396,84,676,7,509
"Devavrat Shah.txt
","Devavrat Shah
","https://scholar.google.com/citations?hl=en&user=3qPiYJoAAAAJ
",342,14734,14734,8,38,19,118
"Tom Mitchell.txt
","Tom Mitchell
","https://scholar.google.com/citations?hl=en&user=MnfzuPYAAAAJ
",500,50244,50814,47,977,39,7499
"Constantinos Daskalakis.txt
","Constantinos Daskalakis
","https://scholar.google.com/citations?hl=en&user=iTv2cOgAAAAJ
",114,4970,4970,1,0,9,188
"Ira Kemelmacher-Shlizerman.txt
","Ira Kemelmacher-Shlizerman
","https://scholar.google.com/citations?hl=en&user=P97vI1EAAAAJ
",57,2579,2898,1,1,23,729
"Dan Grossman.txt
","Dan Grossman
","https://scholar.google.com/citations?hl=en&user=t9wtobkAAAAJ
",203,6812,6812,7,77,27,737
"John Dickerson.txt
","John Dickerson
","https://scholar.google.com/citations?hl=en&user=QgDpfCQAAAAJ
",88,1037,1037,2,0,2,1
"Rocco Servedio.txt
","Rocco Servedio
","https://scholar.google.com/citations?hl=en&user=vZrIrN4AAAAJ
",192,5139,5139,4,49,3,0
"Sibin Mohan.txt
","Sibin Mohan
","https://scholar.google.com/citations?hl=en&user=MHG755YAAAAJ
",88,956,956,14,27,1,0
"Michael Best.txt
","Michael Best
","https://scholar.google.com/citations?hl=en&user=gLLhIb8AAAAJ
",75,5437,5437,1,0,7,458
"Deborah Estrin.txt
","Deborah Estrin
","https://scholar.google.com/citations?hl=en&user=3_WYcR4AAAAJ
",500,119898,119898,51,3676,8,8680
"Mark Newman.txt
","Mark Newman
","https://scholar.google.com/citations?hl=en&user=rQ68pVwAAAAJ
",309,168807,168807,26,55,27,2234
"Atul Prakash.txt
","Atul Prakash
","https://scholar.google.com/citations?hl=en&user=kIkHa2IAAAAJ
",198,6598,7262,9,321,1,1
"Melody Jackson.txt
","Melody Jackson
","https://scholar.google.com/citations?hl=en&user=83SAwBsAAAAJ
",64,1148,1148,4,42,2,183
"Alanson Sample.txt
","Alanson Sample
","https://scholar.google.com/citations?hl=en&user=tSyVwBwAAAAJ
",115,6563,6563,8,130,0,0
"Daniel Abadi.txt
","Daniel Abadi
","https://scholar.google.com/citations?hl=en&user=zxeEF2gAAAAJ
",107,17692,17692,2,542,4,17
"Kilian Weinberger.txt
","Kilian Weinberger
","https://scholar.google.com/citations?hl=en&user=jsxk8vsAAAAJ
",164,20593,20593,12,485,3,73
"Matthew Caesar.txt
","Matthew Caesar
","https://scholar.google.com/citations?hl=en&user=HHn7118AAAAJ
",153,7577,7577,1,0,21,424
"Gail Kaiser.txt
","Gail Kaiser
","https://scholar.google.com/citations?hl=en&user=LIdVlPsAAAAJ
",448,10525,10525,22,31,20,517
"Betsy DiSalvo.txt
","Betsy DiSalvo
","https://scholar.google.com/citations?hl=en&user=BXEDBDUAAAAJ
",56,801,801,0,0,2,95
"William Gropp.txt
","William Gropp
","https://scholar.google.com/citations?hl=en&user=vB96fX8AAAAJ
",500,44466,50228,20,5842,19,1156
"Bonnie Berger.txt
","Bonnie Berger
","https://scholar.google.com/citations?hl=en&user=qMOS01AAAAAJ
",401,17050,17050,53,4139,77,495
"Daniel Kane.txt
","Daniel Kane
","https://scholar.google.com/citations?hl=en&user=DulpV-cAAAAJ
",145,2238,2307,1,3,1,0
"Ari Juels.txt
","Ari Juels
","https://scholar.google.com/citations?hl=en&user=uf0D-uoAAAAJ
",328,32945,33532,11,49,14,405
"Douglas Oard.txt
","Douglas Oard
","https://scholar.google.com/citations?hl=en&user=3ctKkysAAAAJ
",396,8095,8095,10,90,16,153
"Jonathan Ragan-Kelley.txt
","Jonathan Ragan-Kelley
","https://scholar.google.com/citations?hl=en&user=nBcay4oAAAAJ
",35,1830,1830,3,30,0,0
"Jonathan Aldrich.txt
","Jonathan Aldrich
","https://scholar.google.com/citations?hl=en&user=AzHmOtcAAAAJ
",245,4917,4917,1,2,2,21
"Lorenzo Alvisi.txt
","Lorenzo Alvisi
","https://scholar.google.com/citations?hl=en&user=K_-KJi8AAAAJ
",185,11302,11302,5,5,8,49
"Amol Deshpande.txt
","Amol Deshpande
","https://scholar.google.com/citations?hl=en&user=pOh1as0AAAAJ
",189,9764,9764,11,37,1,0
"Henny Admoni.txt
","Henny Admoni
","https://scholar.google.com/citations?hl=en&user=XXiZaA4AAAAJ
",51,1113,1113,0,0,1,0
"Maneesh Agrawala.txt
","Maneesh Agrawala
","https://scholar.google.com/citations?hl=en&user=YPzKczYAAAAJ
",277,16345,16518,14,316,7,202
"Eric Nyberg.txt
","Eric Nyberg
","https://scholar.google.com/citations?hl=en&user=G6XN5cRm0FIJ
",207,6149,6277,14,2073,14,570
"Ben Shneiderman.txt
","Ben Shneiderman
","https://scholar.google.com/citations?hl=en&user=h4i4fh8AAAAJ
",500,87795,87014,15,1114,22,7773
"Michelle Mazurek.txt
","Michelle Mazurek
","https://scholar.google.com/citations?hl=en&user=5ExRjncAAAAJ
",64,2881,2890,9,258,1,10
"Priya Narasimhan.txt
","Priya Narasimhan
","https://scholar.google.com/citations?hl=en&user=qyPWUBcAAAAJ
",265,5282,5477,29,200,18,318
"Dina Katabi.txt
","Dina Katabi
","https://scholar.google.com/citations?hl=en&user=nst5fHgAAAAJ
",255,24273,24273,10,77,28,969
"Keith Winstein.txt
","Keith Winstein
","https://scholar.google.com/citations?hl=en&user=S5sz8gIAAAAJ
",46,1056,1056,5,74,0,0
"Kenneth Ross.txt
","Kenneth Ross
","https://scholar.google.com/citations?hl=en&user=gv2S7xYAAAAJ
",212,11480,11480,19,742,1,0
"Matthew Mason.txt
","Matthew Mason
","https://scholar.google.com/citations?hl=en&user=s3gfDCYAAAAJ
",79,588,660,1,0,2,72
"Ada Gavrilovska.txt
","Ada Gavrilovska
","https://scholar.google.com/citations?hl=en&user=OlRjTCIAAAAJ
",260,2002,2067,34,18,71,210
"Rahul Basole.txt
","Rahul Basole
","https://scholar.google.com/citations?hl=en&user=MKSxZp4AAAAJ
",100,2995,2995,1,0,0,0
"Jennifer Golbeck.txt
","Jennifer Golbeck
","https://scholar.google.com/citations?hl=en&user=WBOnL7sAAAAJ
",222,12477,12477,4,267,5,36
"Walter Lasecki.txt
","Walter Lasecki
","https://scholar.google.com/citations?hl=en&user=ZIExHooAAAAJ
",126,2001,2001,7,28,1,2
"Luis Ceze.txt
","Luis Ceze
","https://scholar.google.com/citations?hl=en&user=KzESVKwAAAAJ
",263,9477,9477,36,1317,10,667
"Yih-Chun Hu.txt
","Yih-Chun Hu
","https://scholar.google.com/citations?hl=en&user=VvvjMCgAAAAJ
",145,26841,27081,3,6,17,1085
"Nate Foster.txt
","Nate Foster
","https://scholar.google.com/citations?hl=en&user=AH5j40kAAAAJ
",121,6653,6853,8,363,27,1558
"Jamie Morgenstern.txt
","Jamie Morgenstern
","https://scholar.google.com/citations?hl=en&user=t0ZfFH8AAAAJ
",42,822,822,1,0,0,0
"Matthias Zwicker.txt
","Matthias Zwicker
","https://scholar.google.com/citations?hl=en&user=KW0FmzgAAAAJ
",166,7534,7534,8,238,6,15
"Ankur Moitra.txt
","Ankur Moitra
","https://scholar.google.com/citations?hl=en&user=umFQktIAAAAJ
",86,3179,3179,1,0,1,3
"Vijay Kumar.txt
","Vijay Kumar
","https://scholar.google.com/citations?hl=en&user=E4zVz-gAAAAJ
",500,50095,40655,24,1647,11,5377
"Benjamin Recht.txt
","Benjamin Recht
","https://scholar.google.com/citations?hl=en&user=a_dbdxAAAAAJ
",145,23726,23726,3,144,0,0
"Phoebe Sengers.txt
","Phoebe Sengers
","https://scholar.google.com/citations?hl=en&user=6c5cf1wAAAAJ
",124,7128,7128,5,149,1,17
"Jure Leskovec.txt
","Jure Leskovec
","https://scholar.google.com/citations?hl=en&user=Q_kKkIUAAAAJ
",347,53582,53582,19,891,11,451
"Scott Baden.txt
","Scott Baden
","https://scholar.google.com/citations?hl=en&user=qjzNW6EAAAAJ
",172,2408,2408,11,42,6,41
"Franziska Roesner.txt
","Franziska Roesner
","https://scholar.google.com/citations?hl=en&user=q5GIWC0AAAAJ
",66,4267,4267,5,1117,0,0
"Steven Dow.txt
","Steven Dow
","https://scholar.google.com/citations?hl=en&user=ywTbDsQAAAAJ
",169,3827,3827,10,136,3,4
"Ziv Bar-Joseph.txt
","Ziv Bar-Joseph
","https://scholar.google.com/citations?hl=en&user=9DCRnPkAAAAJ
",153,13606,13678,25,1214,8,882
"Westley Weimer.txt
","Westley Weimer
","https://scholar.google.com/citations?hl=en&user=Tj-vav8AAAAJ
",124,12668,13469,7,3485,4,113
"Emily Provost.txt
","Emily Provost
","https://scholar.google.com/citations?hl=en&user=2pH8BZwAAAAJ
",92,2871,3182,8,837,21,1433
"James Fogarty.txt
","James Fogarty
","https://scholar.google.com/citations?hl=en&user=hma0WFAAAAAJ
",150,6135,6197,6,219,8,78
"Leonidas Guibas.txt
","Leonidas Guibas
","https://scholar.google.com/citations?hl=en&user=5JlEyTAAAAAJ
",500,59142,61047,16,1504,23,2917
"Nickolai Zeldovich.txt
","Nickolai Zeldovich
","https://scholar.google.com/citations?hl=en&user=DJ6--hMAAAAJ
",127,9438,9438,10,876,12,440
"Ratul Mahajan.txt
","Ratul Mahajan
","https://scholar.google.com/citations?hl=en&user=Sh1yq5QAAAAJ
",167,15933,17486,8,4,4,95
"Rachit Agarwal.txt
","Rachit Agarwal
","https://scholar.google.com/citations?hl=en&user=0YTyPHoAAAAJ
",140,2154,2154,10,37,4,8
"Daniel Huttenlocher.txt
","Daniel Huttenlocher
","https://scholar.google.com/citations?hl=en&user=q16KVs0AAAAJ
",189,37386,37386,11,117,6,205
"Dean Tullsen.txt
","Dean Tullsen
","https://scholar.google.com/citations?hl=en&user=BEEuinQAAAAJ
",198,17323,17757,18,788,8,48
"Daniela Rus.txt
","Daniela Rus
","https://scholar.google.com/citations?hl=en&user=910z20QAAAAJ
",500,35105,34921,21,479,16,557
"Andrew Miller.txt
","Andrew Miller
","https://scholar.google.com/citations?hl=en&user=Nv2jil0AAAAJ
",86,5761,5761,1,95,1,10
"Saurabh Sinha.txt
","Saurabh Sinha
","https://scholar.google.com/citations?hl=en&user=7BM1uyYAAAAJ
",131,9584,9584,29,4601,0,0
"Christos Faloutsos.txt
","Christos Faloutsos
","https://scholar.google.com/citations?hl=en&user=nd8lQQIAAAAJ
",500,84633,86935,16,4192,10,1521
"Benjamin Moseley.txt
","Benjamin Moseley
","https://scholar.google.com/citations?hl=en&user=qq-SXN8AAAAJ
",93,1838,1838,2,20,2,22
"Victor Vianu.txt
","Victor Vianu
","https://scholar.google.com/citations?hl=en&user=CK_GLC8AAAAJ
",234,15512,15512,21,38,10,2852
"Dana Nau.txt
","Dana Nau
","https://scholar.google.com/citations?hl=en&user=fez4ulcAAAAJ
",438,19116,19116,12,31,14,389
"Mustaque Ahamad.txt
","Mustaque Ahamad
","https://scholar.google.com/citations?hl=en&user=xkCYK58AAAAJ
",216,6903,6903,11,250,8,54
"Derek Hoiem.txt
","Derek Hoiem
","https://scholar.google.com/citations?hl=en&user=HoQtR3cAAAAJ
",108,13703,13703,2,0,10,310
"Jishen Zhao.txt
","Jishen Zhao
","https://scholar.google.com/citations?hl=en&user=MDuCskIAAAAJ
",78,1692,1692,4,23,4,32
"Sicun Gao.txt
","Sicun Gao
","https://scholar.google.com/citations?hl=en&user=UmyrEtcAAAAJ
",49,1136,1136,1,0,0,0
"Jan Rabaey.txt
","Jan Rabaey
","https://scholar.google.com/citations?hl=en&user=GP64q_kAAAAJ
",500,48514,48488,52,3015,24,4745
"Jacob Abernethy.txt
","Jacob Abernethy
","https://scholar.google.com/citations?hl=en&user=FDu4ciwAAAAJ
",95,1990,2089,4,0,1,15
"Mihai Pop.txt
","Mihai Pop
","https://scholar.google.com/citations?hl=en&user=4glkLD0AAAAJ
",154,43239,43239,42,12660,2,1777
"Robert Murphy.txt
","Robert Murphy
","https://scholar.google.com/citations?hl=en&user=MJ8mGhwAAAAJ
",500,34544,34460,77,6317,15,944
"Vincent Aleven.txt
","Vincent Aleven
","https://scholar.google.com/citations?hl=en&user=ztkfnCsAAAAJ
",349,11297,11297,8,37,7,33
"Jessica Hammer.txt
","Jessica Hammer
","https://scholar.google.com/citations?hl=en&user=vSvRUAkAAAAJ
",72,2127,2127,6,28,2,1140
"Claire Cardie.txt
","Claire Cardie
","https://scholar.google.com/citations?hl=en&user=ex9BQiIAAAAJ
",239,18616,18616,7,539,11,687
"Yoav Freund.txt
","Yoav Freund
","https://scholar.google.com/citations?hl=en&user=NFdG-GMAAAAJ
",194,52294,52294,9,531,9,1746
"Asuman Ozdaglar.txt
","Asuman Ozdaglar
","https://scholar.google.com/citations?hl=en&user=GcuxcLYAAAAJ
",282,17873,18180,8,1,5,2270
"John Laird.txt
","John Laird
","https://scholar.google.com/citations?hl=en&user=ea6cjVUAAAAJ
",342,16684,16684,5,0,7,181
"Eytan Adar.txt
","Eytan Adar
","https://scholar.google.com/citations?hl=en&user=4tMapHYAAAAJ
",136,13455,13455,1,40,2,143
"Nicola Dell.txt
","Nicola Dell
","https://scholar.google.com/citations?hl=en&user=1FwsujMAAAAJ
",46,745,745,3,17,0,0
"Kevin Fu.txt
","Kevin Fu
","https://scholar.google.com/citations?hl=en&user=8uK6aCEAAAAJ
",156,9169,9317,13,845,9,152
"Julie Kientz.txt
","Julie Kientz
","https://scholar.google.com/citations?hl=en&user=GvpuYB4AAAAJ
",147,5567,5567,11,403,1,0
"Jennifer Mankoff.txt
","Jennifer Mankoff
","https://scholar.google.com/citations?hl=en&user=mhmvCgsAAAAJ
",207,7764,7764,13,116,3,43
"Dave Levin.txt
","Dave Levin
","https://scholar.google.com/citations?hl=en&user=CLSPQW4AAAAJ
",80,1499,1499,7,4,2,0
"Martial Hebert.txt
","Martial Hebert
","https://scholar.google.com/citations?hl=en&user=0ytii2EAAAAJ
",500,40889,40889,25,2586,31,1275
"Ramin Zabih.txt
","Ramin Zabih
","https://scholar.google.com/citations?hl=en&user=8Lp0W54AAAAJ
",167,36462,36462,11,28,6,7925
"Christos Papadimitriou.txt
","Christos Papadimitriou
","https://scholar.google.com/citations?hl=en&user=7wHPnaoAAAAJ
",441,7907,7937,230,4872,3,2
"Percy Liang.txt
","Percy Liang
","https://scholar.google.com/citations?hl=en&user=pouyVyUAAAAJ
",176,9015,9015,1,1,0,0
"Aditya Akella.txt
","Aditya Akella
","https://scholar.google.com/citations?hl=en&user=d_rxnzAAAAAJ
",246,12035,12035,16,1031,25,22
"Alin Deutsch.txt
","Alin Deutsch
","https://scholar.google.com/citations?hl=en&user=2lZr6WsAAAAJ
",136,6597,6597,9,137,2,6
"Berthold Horn.txt
","Berthold Horn
","https://scholar.google.com/citations?hl=en&user=uWsBKQ0AAAAJ
",309,46187,46187,9,18,24,646
"Eitan Grinspun.txt
","Eitan Grinspun
","https://scholar.google.com/citations?hl=en&user=-HyEryoAAAAJ
",109,6441,6446,1,8,0,0
"Kannan Ramchandran.txt
","Kannan Ramchandran
","https://scholar.google.com/citations?hl=en&user=DcV-5RAAAAAJ
",500,32911,32905,12,205,11,377
"David Devecsery.txt
","David Devecsery
","https://scholar.google.com/citations?hl=en&user=HaJWLb0AAAAJ
",12,150,150,1,2,0,0
"David Mount.txt
","David Mount
","https://scholar.google.com/citations?hl=en&user=v6PsQKIAAAAJ
",256,17696,17696,13,98,19,2381
"Andrew Myers.txt
","Andrew Myers
","https://scholar.google.com/citations?hl=en&user=adUcdJwAAAAJ
",80,852,852,10,107,0,0
"Eugene Wu.txt
","Eugene Wu
","https://scholar.google.com/citations?hl=en&user=X53rkecAAAAJ
",90,4354,4354,4,120,3,14
"Michael Kearns.txt
","Michael Kearns
","https://scholar.google.com/citations?hl=en&user=8iQk0DIAAAAJ
",274,19640,19640,7,12,25,516
"Saurabh Gupta.txt
","Saurabh Gupta
","https://scholar.google.com/citations?hl=en&user=EvuaA84AAAAJ
",500,13998,11958,21,729,5,198
"Fred Schneider.txt
","Fred Schneider
","https://scholar.google.com/citations?hl=en&user=sxjynOsAAAAJ
",411,22133,22133,26,267,48,933
"David Wagner.txt
","David Wagner
","https://scholar.google.com/citations?hl=en&user=67kghxAAAAAJ
",358,47695,47695,30,81,10,410
"Trevor Darrell.txt
","Trevor Darrell
","https://scholar.google.com/citations?hl=en&user=bh-uRFMAAAAJ
",500,89922,89922,26,15736,28,564
"David Garlan.txt
","David Garlan
","https://scholar.google.com/citations?hl=en&user=saLJmksAAAAJ
",498,34434,34434,39,6,3,679
"Yannis Papakonstantinou.txt
","Yannis Papakonstantinou
","https://scholar.google.com/citations?hl=en&user=81cvn3sAAAAJ
",201,15940,15940,15,504,9,267
"Karrie Karahalios.txt
","Karrie Karahalios
","https://scholar.google.com/citations?hl=en&user=xyHrRFUAAAAJ
",175,5442,5442,9,222,5,73
"Oussama Khatib.txt
","Oussama Khatib
","https://scholar.google.com/citations?hl=en&user=4arkOLcAAAAJ
",400,26434,26434,9,323,37,1112
"Michael Ernst.txt
","Michael Ernst
","https://scholar.google.com/citations?hl=en&user=oQ6AeyEAAAAJ
",227,16717,16717,4,427,2,5
"Heather Miller.txt
","Heather Miller
","https://scholar.google.com/citations?hl=en&user=dpghk3cAAAAJ
",54,316,316,3,1,1,13
"Michael Swift.txt
","Michael Swift
","https://scholar.google.com/citations?hl=en&user=pqIGLH4AAAAJ
",175,9492,9492,11,237,25,68
"James Hollan.txt
","James Hollan
","https://scholar.google.com/citations?hl=en&user=LOFYnLkAAAAJ
",101,11543,14652,4,271,2,39
"Laura Dabbish.txt
","Laura Dabbish
","https://scholar.google.com/citations?hl=en&user=DdNAgNwAAAAJ
",92,8237,8237,3,46,3,20
"Remzi Arpaci-Dusseau.txt
","Remzi Arpaci-Dusseau
","https://scholar.google.com/citations?hl=en&user=C1skWKgAAAAJ
",273,10618,10618,73,2505,50,2316
"Daniel Lee.txt
","Daniel Lee
","https://scholar.google.com/citations?hl=en&user=eQwDIzgfa6sC
",500,17081,17081,109,5038,7,30
"Erik Demaine.txt
","Erik Demaine
","https://scholar.google.com/citations?hl=en&user=6Ff2c8wAAAAJ
",500,20021,19974,0,0,29,2034
"Yong-Lae Park.txt
","Yong-Lae Park
","https://scholar.google.com/citations?hl=en&user=kBsTE7AAAAAJ
",95,3366,3366,3,53,1,0
"Chandra Chekuri.txt
","Chandra Chekuri
","https://scholar.google.com/citations?hl=en&user=7j3itaMAAAAJ
",177,9974,9974,5,0,8,240
"Avideh Zakhor.txt
","Avideh Zakhor
","https://scholar.google.com/citations?hl=en&user=GJg5lNYAAAAJ
",408,14818,14818,6,24,0,0
"Jeff Linderoth.txt
","Jeff Linderoth
","https://scholar.google.com/citations?hl=en&user=gwM2aRIAAAAJ
",101,4709,4709,2,0,0,0
"Bhiksha Raj.txt
","Bhiksha Raj
","https://scholar.google.com/citations?hl=en&user=IWcGY98AAAAJ
",418,11934,12055,15,540,54,1092
"Diana Marculescu.txt
","Diana Marculescu
","https://scholar.google.com/citations?hl=en&user=MRHzTAIAAAAJ
",287,6800,6800,23,74,0,0
"Emma Brunskill.txt
","Emma Brunskill
","https://scholar.google.com/citations?hl=en&user=HaN8b2YAAAAJ
",146,3012,3393,7,62,2,3
"Tadayoshi Kohno.txt
","Tadayoshi Kohno
","https://scholar.google.com/citations?hl=en&user=s_YDrrgAAAAJ
",245,15934,15934,15,2407,14,641
"Arpita Ghosh.txt
","Arpita Ghosh
","https://scholar.google.com/citations?hl=en&user=_cMw1IUAAAAJ
",500,21795,21694,11,1448,6,405
"Sanjeev Khanna.txt
","Sanjeev Khanna
","https://scholar.google.com/citations?hl=en&user=HriWXcEAAAAJ
",329,13861,13861,33,42,28,1330
"Adam Porter.txt
","Adam Porter
","https://scholar.google.com/citations?hl=en&user=j7F7yq0AAAAJ
",155,6185,6185,10,1,1,5
"Cyrus Omar.txt
","Cyrus Omar
","https://scholar.google.com/citations?hl=en&user=yiRAVJoAAAAJ
",38,349,349,3,0,0,0
"Sylvia Ratnasamy.txt
","Sylvia Ratnasamy
","https://scholar.google.com/citations?hl=en&user=sAdDcvQAAAAJ
",134,34823,35651,12,1057,4,5826
"Jaime Carbonell.txt
","Jaime Carbonell
","https://scholar.google.com/citations?hl=en&user=wlqqttEAAAAJ
",500,26793,26793,22,172,31,3309
"Lauren Wilcox.txt
","Lauren Wilcox
","https://scholar.google.com/citations?hl=en&user=dFjFL0oAAAAJ
",33,392,392,1,0,0,0
"Prabal Dutta.txt
","Prabal Dutta
","https://scholar.google.com/citations?hl=en&user=H790-zwAAAAJ
",214,10315,10423,20,1382,1,110
"William Whittaker.txt
","William Whittaker
","https://scholar.google.com/citations?hl=en&user=MtsVemAAAAAJ
",45,380,380,1,4,3,6
"James Lee.txt
","James Lee
","https://scholar.google.com/citations?hl=en&user=iXLNm0EAAAAJ
",500,23606,23706,138,10258,28,7577
"Ronald Dreslinski.txt
","Ronald Dreslinski
","https://scholar.google.com/citations?hl=en&user=4O-rMYEAAAAJ
",117,5212,5239,12,464,7,106
"Bogdan Vasilescu.txt
","Bogdan Vasilescu
","https://scholar.google.com/citations?hl=en&user=bcXjlqYAAAAJ
",72,2016,2093,1,6,0,0
"Martin Wong.txt
","Martin Wong
","https://scholar.google.com/citations?hl=en&user=Cvddz3AAAAAJ
",50,303,303,1,0,0,0
"Jignesh Patel.txt
","Jignesh Patel
","https://scholar.google.com/citations?hl=en&user=5tcfuXMAAAAJ
",231,14519,14519,21,1454,8,516
"Hernisa Kacorri.txt
","Hernisa Kacorri
","https://scholar.google.com/citations?hl=en&user=El-R5MEAAAAJ
",42,322,322,1,1,1,6
"Shachar Lovett.txt
","Shachar Lovett
","https://scholar.google.com/citations?hl=en&user=f6JF7BkAAAAJ
",137,1726,1763,1,0,2,22
"Baris Kasikci.txt
","Baris Kasikci
","https://scholar.google.com/citations?hl=en&user=y5J0h7gAAAAJ
",31,606,606,1,2,2,65
"Daniel Koditschek.txt
","Daniel Koditschek
","https://scholar.google.com/citations?hl=en&user=K_PZFhEAAAAJ
",412,18702,18702,19,1343,13,210
"Rahul Sarpeshkar.txt
","Rahul Sarpeshkar
","https://scholar.google.com/citations?hl=en&user=1UbzzQcAAAAJ
",225,10165,10165,12,1429,27,66
"Leslie Kaelbling.txt
","Leslie Kaelbling
","https://scholar.google.com/citations?hl=en&user=IcasIiwAAAAJ
",421,26132,26132,18,8,10,42
"Igor Markov.txt
","Igor Markov
","https://scholar.google.com/citations?hl=en&user=CHIZtZAAAAAJ
",338,13488,13586,4,133,16,909
"Ronald Arkin.txt
","Ronald Arkin
","https://scholar.google.com/citations?hl=en&user=WSN7T_YAAAAJ
",399,27168,31522,14,192,17,5359
"Henry Levy.txt
","Henry Levy
","https://scholar.google.com/citations?hl=en&user=ymwKqZsAAAAJ
",213,26089,26089,21,782,26,968
"Haitham Hassanieh.txt
","Haitham Hassanieh
","https://scholar.google.com/citations?hl=en&user=s5-hnX8AAAAJ
",56,2025,2025,1,10,11,121
"John Stasko.txt
","John Stasko
","https://scholar.google.com/citations?hl=en&user=2PxFftgAAAAJ
",391,18647,18647,32,153,14,267
"Shivaram Venkataraman.txt
","Shivaram Venkataraman
","https://scholar.google.com/citations?hl=en&user=5LLV29oAAAAJ
",66,3827,3827,4,775,2,128
"Peter Belhumeur.txt
","Peter Belhumeur
","https://scholar.google.com/citations?hl=en&user=J8YyZugAAAAJ
",195,35930,35930,22,1166,11,167
"Omer Reingold.txt
","Omer Reingold
","https://scholar.google.com/citations?hl=en&user=TD9RhcgAAAAJ
",150,9210,9210,12,306,8,46
"Roxana Geambasu.txt
","Roxana Geambasu
","https://scholar.google.com/citations?hl=en&user=f8RkRagAAAAJ
",49,1376,1376,5,98,2,9
"Philip Levis.txt
","Philip Levis
","https://scholar.google.com/citations?hl=en&user=I_YsXU4AAAAJ
",240,28551,28551,12,723,11,1963
"Mayank Goel.txt
","Mayank Goel
","https://scholar.google.com/citations?hl=en&user=nxqrff8AAAAJ
",52,1243,1243,1,30,3,32
"Taylor Berg-Kirkpatrick.txt
","Taylor Berg-Kirkpatrick
","https://scholar.google.com/citations?hl=en&user=mN6_BKAAAAAJ
",48,1488,1488,1,25,2,56
"Kun Zhang.txt
","Kun Zhang
","https://scholar.google.com/citations?hl=en&user=CYeurYgAAAAJ
",105,15633,15745,44,10110,1,0
"Maxim Likhachev.txt
","Maxim Likhachev
","https://scholar.google.com/citations?hl=en&user=Ic8NqXwAAAAJ
",195,9921,9921,11,1620,9,373
"Martin Rinard.txt
","Martin Rinard
","https://scholar.google.com/citations?hl=en&user=hxlxVEUAAAAJ
",411,16678,16678,18,705,28,157
"Michael Forbes.txt
","Michael Forbes
","https://scholar.google.com/citations?hl=en&user=wPpyBHEAAAAJ
",72,1463,1478,1,57,3,1
"John Ousterhout.txt
","John Ousterhout
","https://scholar.google.com/citations?hl=en&user=nDH-AqwAAAAJ
",180,25548,25548,5,310,9,432
"Eric Paulos.txt
","Eric Paulos
","https://scholar.google.com/citations?hl=en&user=K__JmtcAAAAJ
",164,5829,5829,12,259,7,31
"Joseph Hellerstein.txt
","Joseph Hellerstein
","https://scholar.google.com/citations?hl=en&user=uFJi3IUAAAAJ
",347,42204,42204,24,923,20,779
"Serafim Batzoglou.txt
","Serafim Batzoglou
","https://scholar.google.com/citations?hl=en&user=POWKkqEAAAAJ
",151,61279,61279,38,7005,7,41176
"David Blaauw.txt
","David Blaauw
","https://scholar.google.com/citations?hl=en&user=P3JdmqAAAAAJ
",500,30719,30390,56,3976,8,164
"Tuomas Sandholm.txt
","Tuomas Sandholm
","https://scholar.google.com/citations?hl=en&user=0DpK1EMAAAAJ
",473,23294,23308,31,358,9,63
"Geoffrey Voelker.txt
","Geoffrey Voelker
","https://scholar.google.com/citations?hl=en&user=ZfDtNpUAAAAJ
",213,23032,23032,30,3055,8,1481
"Seth Pettie.txt
","Seth Pettie
","https://scholar.google.com/citations?hl=en&user=ao_EFbUAAAAJ
",68,2826,2822,1,18,0,0
"Deva Ramanan.txt
","Deva Ramanan
","https://scholar.google.com/citations?hl=en&user=9B8PoXUAAAAJ
",156,30925,30925,10,590,11,513
"Baishakhi Ray.txt
","Baishakhi Ray
","https://scholar.google.com/citations?user=VaAEb5YAAAAJ&hl=en&oi=ao
",67,1788,1788,9,5,3,8
"Satish Rao.txt
","Satish Rao
","https://scholar.google.com/citations?hl=en&user=k3nPfBQAAAAJ
",331,6722,6727,29,118,6,14
"Jimeng Sun.txt
","Jimeng Sun
","https://scholar.google.com/citations?hl=en&user=9jmmp5sAAAAJ
",250,12651,13157,10,282,0,0
"Thad Starner.txt
","Thad Starner
","https://scholar.google.com/citations?hl=en&user=qr8Vo9IAAAAJ
",443,29971,30136,33,1808,6,21
"Kemal Oflazer.txt
","Kemal Oflazer
","https://scholar.google.com/citations?hl=en&user=JLk0hs8AAAAJ
",154,4440,4440,8,127,0,0
"Paraschos Koutris.txt
","Paraschos Koutris
","https://scholar.google.com/citations?hl=en&user=CaO1wNAAAAAJ
",58,1052,1052,0,0,1,1
"Martha Pollack.txt
","Martha Pollack
","https://scholar.google.com/citations?hl=en&user=5oU0wxcAAAAJ
",232,12949,12949,17,183,20,239
"Claire Tomlin.txt
","Claire Tomlin
","https://scholar.google.com/citations?hl=en&user=-5_ksIkAAAAJ
",500,19269,19269,19,570,4,38
"Eric Gilbert.txt
","Eric Gilbert
","https://scholar.google.com/citations?hl=en&user=71OktocAAAAJ
",89,5535,5535,10,141,3,51
"Rachel Rudinger.txt
","Rachel Rudinger
","https://scholar.google.com/citations?hl=en&user=QKCHaHUAAAAJ
",23,304,304,0,0,1,11
"Georg Seelig.txt
","Georg Seelig
","https://scholar.google.com/citations?hl=en&user=Nf4G12YAAAAJ
",74,5158,5158,15,836,0,0
"Alexandr Andoni.txt
","Alexandr Andoni
","https://scholar.google.com/citations?hl=en&user=Evgx6UkAAAAJ
",95,4835,4835,5,9,5,57
"Randal Bryant.txt
","Randal Bryant
","https://scholar.google.com/citations?hl=en&user=AFgYa68AAAAJ
",359,27850,27929,25,0,21,85
"Michael Gleicher.txt
","Michael Gleicher
","https://scholar.google.com/citations?hl=en&user=kDkH9UkAAAAJ
",253,13919,13919,25,114,11,659
"Yingyu Liang.txt
","Yingyu Liang
","https://scholar.google.com/citations?hl=en&user=_RVvnS4AAAAJ
",71,1912,2075,0,0,2,19
"Jin-Yi Cai.txt
","Jin-Yi Cai
","https://scholar.google.com/citations?hl=en&user=Yn-Lm_QAAAAJ
",328,5987,6011,12,0,16,52
"Sara Kiesler.txt
","Sara Kiesler
","https://scholar.google.com/citations?hl=en&user=8Qu_gAMAAAAJ
",341,58164,62292,11,192,21,1444
"David Williamson.txt
","David Williamson
","https://scholar.google.com/citations?hl=en&user=RnD7phMAAAAJ
",123,3293,3293,32,826,0,0
"Irfan Essa.txt
","Irfan Essa
","https://scholar.google.com/citations?hl=en&user=XM97iScAAAAJ
",261,16254,16254,17,289,5,8
"Polina Golland.txt
","Polina Golland
","https://scholar.google.com/citations?hl=en&user=4GpKQUIAAAAJ
",258,11297,11297,50,5627,5,20
"David Kieras.txt
","David Kieras
","https://scholar.google.com/citations?hl=en&user=dnbSFbUAAAAJ
",249,14428,14428,16,894,5,104
"Tanzeem Choudhury.txt
","Tanzeem Choudhury
","https://scholar.google.com/citations?hl=en&user=-pyztDMAAAAJ
",166,12902,12902,25,1472,12,11
"Antonio Torralba.txt
","Antonio Torralba
","https://scholar.google.com/citations?hl=en&user=8cxDHS4AAAAJ
",297,52793,52796,14,1005,5,68
"Henrik Christensen.txt
","Henrik Christensen
","https://scholar.google.com/citations?hl=en&user=yQAWiB4AAAAJ
",173,6033,6034,7,221,0,0
"Adam Belay.txt
","Adam Belay
","https://scholar.google.com/citations?hl=en&user=AKQec5wAAAAJ
",25,1294,1294,1,73,1,0
"Alan Frieze.txt
","Alan Frieze
","https://scholar.google.com/citations?hl=en&user=EqKRQ4YAAAAJ
",500,18502,18502,11,16,9,101
"Martin Wainwright.txt
","Martin Wainwright
","https://scholar.google.com/citations?hl=en&user=J5Rvh6gAAAAJ
",339,30418,30418,28,202,4,23
"Vinod Vaikuntanathan.txt
","Vinod Vaikuntanathan
","https://scholar.google.com/citations?hl=en&user=a8jIPIkAAAAJ
",154,15352,15352,12,391,7,95
"David Kriegman.txt
","David Kriegman
","https://scholar.google.com/citations?hl=en&user=EqetexsAAAAJ
",311,45611,45611,41,268,33,3561
"David Jurgens.txt
","David Jurgens
","https://scholar.google.com/citations?hl=en&user=sGFFr5kAAAAJ
",70,1757,1757,3,82,1,0
"Andrew Wilson.txt
","Andrew Wilson
","https://scholar.google.com/citations?hl=en&user=qi7fvXoAAAAJ
",500,24928,24928,42,858,11,115
"James Foley.txt
","James Foley
","https://scholar.google.com/citations?hl=en&user=GmcChLIAAAAJ
",235,21837,21837,6,9,19,1976
"Kostas Daniilidis.txt
","Kostas Daniilidis
","https://scholar.google.com/citations?hl=en&user=dGs2BcIAAAAJ
",329,11951,11951,24,395,15,297
"Stephen Edwards.txt
","Stephen Edwards
","https://scholar.google.com/citations?hl=en&user=BI-prh8AAAAJ
",124,6869,6869,37,2485,1,0
"Dan Suciu.txt
","Dan Suciu
","https://scholar.google.com/citations?hl=en&user=SIxd6jgAAAAJ
",481,30039,31852,40,1102,15,64
"Milos Prvulovic.txt
","Milos Prvulovic
","https://scholar.google.com/citations?hl=en&user=A_j_baAAAAAJ
",107,3775,3775,12,32,6,797
"Manmohan Chandraker.txt
","Manmohan Chandraker
","https://scholar.google.com/citations?hl=en&user=oPFCNk4AAAAJ
",167,2830,2830,5,5,2,11
"Andrea Thomaz.txt
","Andrea Thomaz
","https://scholar.google.com/citations?hl=en&user=jIs-Y2gAAAAJ
",178,4097,4097,7,28,2,1
"Rajeev Barua.txt
","Rajeev Barua
","https://scholar.google.com/citations?hl=en&user=NaIdl8EAAAAJ
",94,4544,4544,10,921,2,0
"Jessica Hodgins.txt
","Jessica Hodgins
","https://scholar.google.com/citations?hl=en&user=vswo4rQAAAAJ
",299,19521,19521,11,294,9,65
"Jodi Forlizzi.txt
","Jodi Forlizzi
","https://scholar.google.com/citations?hl=en&user=Hyhp_zUAAAAJ
",264,16778,16778,8,60,7,248
"Kayvon Fatahalian.txt
","Kayvon Fatahalian
","https://scholar.google.com/citations?hl=en&user=ZeG4wDgAAAAJ
",77,5249,5249,8,298,4,352
"Chao Zhang.txt
","Chao Zhang
","https://scholar.google.com/citations?hl=en&user=-uo0qGIAAAAJ
",500,46317,40436,44,5696,32,2234
"Gregory Abowd.txt
","Gregory Abowd
","https://scholar.google.com/citations?hl=en&user=gb8sbdcAAAAJ
",499,48927,48927,22,541,6,383
"Sean Follmer.txt
","Sean Follmer
","https://scholar.google.com/citations?hl=en&user=f3g5oeEAAAAJ
",96,2064,2064,7,42,0,0
"Jennifer Widom.txt
","Jennifer Widom
","https://scholar.google.com/citations?hl=en&user=zdKmnYwAAAAJ
",349,62714,62714,40,7269,15,11896
"Jon Kleinberg.txt
","Jon Kleinberg
","https://scholar.google.com/citations?hl=en&user=VX7d5EQAAAAJ
",393,82509,86672,27,2054,14,1755
"Vivek Sarkar.txt
","Vivek Sarkar
","https://scholar.google.com/citations?hl=en&user=XjeIqxYAAAAJ
",432,16506,16506,33,3569,11,212
"Daniel Hsu.txt
","Daniel Hsu
","https://scholar.google.com/citations?hl=en&user=Bp6tvy0AAAAJ
",122,5905,5905,3,72,1,0
"Daniel Siewiorek.txt
","Daniel Siewiorek
","https://scholar.google.com/citations?hl=en&user=B13SvmAAAAAJ
",490,21103,21205,31,539,23,3225
"Jon Froehlich.txt
","Jon Froehlich
","https://scholar.google.com/citations?hl=en&user=nExKrpsAAAAJ
",141,8186,8348,15,477,1,0
"George Porter.txt
","George Porter
","https://scholar.google.com/citations?hl=en&user=aWQabOQAAAAJ
",101,4228,4228,12,451,3,151
"Donald Perlis.txt
","Donald Perlis
","https://scholar.google.com/citations?hl=en&user=v2X9gX8AAAAJ
",237,2937,2938,14,70,4,97
"Daniel Romero.txt
","Daniel Romero
","https://scholar.google.com/citations?hl=en&user=c4M3MQoAAAAJ
",48,4709,4709,6,11,0,0
"Bharath Hariharan.txt
","Bharath Hariharan
","https://scholar.google.com/citations?hl=en&user=TpglobcAAAAJ
",47,6499,6499,1,17,0,0
"Dawn Song.txt
","Dawn Song
","https://scholar.google.com/citations?hl=en&user=84WzBlYAAAAJ
",418,51696,51696,43,5128,17,551
"Kavita Bala.txt
","Kavita Bala
","https://scholar.google.com/citations?hl=en&user=Rh16nsIAAAAJ
",199,7601,7774,5,0,24,1140
"Dinesh Manocha.txt
","Dinesh Manocha
","https://scholar.google.com/citations?hl=en&user=X08l_4IAAAAJ
",500,39338,39278,11,638,27,1234
"Daniel Genkin.txt
","Daniel Genkin
","https://scholar.google.com/citations?hl=en&user=BqkyhDEAAAAJ
",45,2947,2947,1,498,0,0
"Josep Torrellas.txt
","Josep Torrellas
","https://scholar.google.com/citations?hl=en&user=zdnAkgsAAAAJ
",383,13312,13573,46,487,11,674
"Qiaozhu Mei.txt
","Qiaozhu Mei
","https://scholar.google.com/citations?hl=en&user=zr22WkQAAAAJ
",157,10057,10057,3,208,0,0
"Mark Horowitz.txt
","Mark Horowitz
","https://scholar.google.com/citations?hl=en&user=e7V7-gEAAAAJ
",500,53468,53317,43,7629,12,1056
"Jonathan Katz.txt
","Jonathan Katz
","https://scholar.google.com/citations?hl=en&user=H4rKFc8AAAAJ
",350,22642,34147,1,21,0,0
"Carl Kingsford.txt
","Carl Kingsford
","https://scholar.google.com/citations?hl=en&user=V_cvqKcAAAAJ
",130,5415,5415,6,1,7,6
"Tarek Abdelzaher.txt
","Tarek Abdelzaher
","https://scholar.google.com/citations?hl=en&user=cA28Zs0AAAAJ
",500,33384,33384,48,3187,44,1984
"Julia Hirschberg.txt
","Julia Hirschberg
","https://scholar.google.com/citations?hl=en&user=Qrd7FCoAAAAJ
",409,21085,21085,25,1831,21,1037
"Jeffrey Hollingsworth.txt
","Jeffrey Hollingsworth
","https://scholar.google.com/citations?hl=en&user=YcrMNggAAAAJ
",223,7100,7100,21,51,14,60
"Douglas Sicker.txt
","Douglas Sicker
","https://scholar.google.com/citations?hl=en&user=Pl23MTUAAAAJ
",228,4150,4150,9,29,0,0
"Mor Harchol-Balter.txt
","Mor Harchol-Balter
","https://scholar.google.com/citations?hl=en&user=Ooc7UNUAAAAJ
",267,9932,10044,3,0,42,657
